process_id,arrival_time,cpu_burst,start_time,completion_time,waiting_time,turnaround_time,response_time,predicted_workload,prediction_confidence,dynamic_score,cpu_share,waiting_fairness
1,8,24,8,32,0,24,0,IO_BOUND,0.953531746031746,0.268,0.0005148226007121713,1.0
2,10,56,32,88,22,78,22,ML_TRAINING,0.8192853535353535,0.5835087719298246,0.0012012527349950662,0.9994697389669551
5,21,66,88,154,67,133,67,CPU_BOUND,0.8229365079365081,0.6083275403802904,0.001415762151958471,0.998385114126636
3,15,27,154,181,139,166,139,MIXED,0.7405875350140059,0.6071428571428572,0.0005791754258011927,0.9966497143821254
4,19,59,181,240,162,221,162,MIXED,0.5898220945720943,0.6033333333333333,0.0012656055600840878,0.9960953505748512
10,45,34,240,274,195,229,195,MIXED,0.48185714285714276,0.6078073089700997,0.0007293320176755759,0.9952999590252838
9,43,78,274,352,231,309,231,MIXED,0.652300774656378,0.6108448985816683,0.0016731734523145567,0.9944322591530285
6,25,70,352,422,327,397,327,CPU_BOUND,0.9839166666666667,0.5728169014084508,0.0015015659187438328,0.9921183928270144
7,27,77,422,499,395,472,395,CPU_BOUND,0.9855476190476192,0.5125641025641026,0.0016517225106182161,0.990479404179421
8,36,10,499,509,463,473,463,CPU_BOUND,0.41573160173160173,0.5581818181818181,0.00021450941696340468,0.9888404155318277
11,50,82,509,591,459,541,459,CPU_BOUND,0.965777777777778,0.48240963855421687,0.0017589772190999184,0.9889368266287449
12,54,64,591,655,537,601,537,ML_TRAINING,0.7244850695400231,0.6130769230769231,0.00137286026856579,0.9870568102388585
13,57,21,655,676,598,619,598,ML_TRAINING,0.5707308802308803,0.6190909090909091,0.00045046977562314985,0.9855865410108704
14,63,53,676,729,613,666,613,CPU_BOUND,0.8803968253968256,0.4537037037037037,0.0011368999099060449,0.9852249993974307
15,67,90,729,819,662,752,662,CPU_BOUND,0.9499761904761903,0.5121978021978022,0.0019305847526706423,0.9840439634601943
16,75,76,819,895,744,820,744,CPU_BOUND,0.8496717449217449,0.4225974025974026,0.0016302715689218757,0.9820675359733906
17,78,23,895,918,817,840,817,IO_BOUND,0.9957142857142857,0.44833333333333336,0.0004933716590158308,0.9803080334546507
18,86,5,918,923,832,837,832,IO_BOUND,0.9990000000000001,0.5933333333333333,0.00010725470848170234,0.979946491841211
19,91,18,923,941,832,850,832,IO_BOUND,1.0,0.6005263157894737,0.00038611695053412845,0.979946491841211
20,92,38,941,979,849,887,849,IO_BOUND,0.7385743145743145,0.5951282051282052,0.0008151357844609379,0.9795367446793126
21,101,20,979,999,878,898,878,IO_BOUND,0.4690440115440115,0.6295238095238096,0.00042901883392680937,0.9788377642266625
22,106,63,999,1062,893,956,893,CPU_BOUND,0.9691666666666666,0.573125,0.0013514093268694495,0.9784762226132228
23,113,24,1062,1086,949,973,949,IO_BOUND,0.8259379509379507,0.538,0.0005148226007121713,0.9771264672563812
24,120,11,1086,1097,966,977,966,IO_BOUND,0.99375,0.4866666666666667,0.00023596035865974517,0.9767167200944828
25,125,13,1097,1110,972,985,972,IO_BOUND,0.8196796536796533,0.5742857142857143,0.0002788622420524261,0.9765721034491069
26,126,40,1110,1150,984,1024,984,ML_TRAINING,0.6899963924963924,0.7048780487804878,0.0008580376678536187,0.9762828701583552
27,133,85,1150,1235,1017,1102,1017,CPU_BOUND,0.9907380952380952,0.5423255813953488,0.0018233300441889398,0.9754874786087879
28,137,29,1235,1264,1098,1127,1098,IO_BOUND,0.9250674603174603,0.5366666666666666,0.0006220773091938736,0.9735351538962135
29,140,57,1264,1321,1124,1181,1124,ML_TRAINING,0.4882712842712843,0.49344827586206896,0.0012227036766914068,0.9729084817662513
30,143,52,1321,1373,1178,1230,1178,CPU_BOUND,0.7513849206349209,0.6037735849056604,0.0011154489682097045,0.9716069319578684
31,146,45,1373,1418,1227,1272,1227,MIXED,0.6922662337662338,0.6043478260869566,0.0009652923763353212,0.970425896020632
32,155,64,1418,1482,1263,1327,1263,CPU_BOUND,0.9875,0.573076923076923,0.00137286026856579,0.9695581961483767
33,159,74,1482,1556,1323,1397,1323,CPU_BOUND,0.8869880952380953,0.5726666666666667,0.0015873696855291948,0.9681120296946178
34,168,21,1556,1577,1388,1409,1388,IO_BOUND,0.4215119047619048,0.4490909090909091,0.00045046977562314985,0.9665453493697125
35,176,46,1577,1623,1401,1447,1401,CPU_BOUND,0.5665609668109668,0.4542553191489362,0.0009867433180316615,0.9662320133047314
36,185,72,1623,1695,1438,1510,1438,ML_TRAINING,0.6558623262702209,0.5527397260273972,0.0015444678021365138,0.9653402106582467
37,193,14,1695,1709,1502,1516,1502,IO_BOUND,0.9744621212121212,0.6633333333333333,0.00030031318374876655,0.9637976331075707
38,195,53,1709,1762,1514,1567,1514,CPU_BOUND,0.8703730158730159,0.4837037037037037,0.0011368999099060449,0.9635083998168189
39,196,34,1762,1796,1566,1600,1566,MIXED,0.8529996392496392,0.6057142857142856,0.0007293320176755759,0.9622550555568946
40,199,19,1796,1815,1597,1616,1597,IO_BOUND,0.8945497835497835,0.6599999999999999,0.00040756789223046893,0.9615078695557858
41,208,77,1815,1892,1607,1684,1607,CPU_BOUND,0.9778333333333332,0.6025641025641025,0.0016517225106182161,0.9612668418134928
42,215,12,1892,1904,1677,1689,1677,IO_BOUND,0.8272023809523809,0.6053846153846154,0.00025741130035608563,0.9595796476174407
43,218,95,1904,1999,1686,1781,1686,CPU_BOUND,0.7884545454545453,0.6920833333333334,0.0020378394611523447,0.9593627226493769
44,221,46,1999,2045,1778,1824,1778,ML_TRAINING,0.6528983957219251,0.7342553191489362,0.0009867433180316615,0.95714526742028
45,223,74,2045,2119,1822,1896,1822,CPU_BOUND,0.9264556277056277,0.45266666666666666,0.0015873696855291948,0.9560847453541903
46,229,34,2119,2153,1890,1924,1890,MIXED,0.5351058802308801,0.6357142857142857,0.0007293320176755759,0.9544457567065969
47,233,31,2153,2184,1920,1951,1920,IO_BOUND,0.9370912698412697,0.62625,0.0006649791925865546,0.9537226734797175
48,242,47,2184,2231,1942,1989,1942,IO_BOUND,0.5734274891774892,0.5641666666666667,0.0010081942597280021,0.9531924124466726
49,244,55,2231,2286,1987,2042,1987,MIXED,0.7210728715728715,0.6635714285714285,0.0011798017932987258,0.9521077876063535
50,245,62,2286,2348,2041,2103,2041,CPU_BOUND,0.9384199134199133,0.5131746031746032,0.0013299583851731091,0.9508062377979706
51,254,67,2348,2415,2094,2161,2094,ML_TRAINING,0.7231580086580083,0.6729411764705882,0.0014372130936548115,0.9495287907638169
52,260,17,2415,2432,2155,2172,2155,ML_TRAINING,0.5565363247863249,0.5611111111111111,0.00036466600883778796,0.9480585215358288
53,265,80,2432,2512,2167,2247,2167,MIXED,0.38839249639249634,0.4524691358024691,0.0017160753357072375,0.947769288245077
54,274,61,2512,2573,2238,2299,2238,ML_TRAINING,0.7917709235209236,0.643225806451613,0.0013085074434767685,0.9460579912747957
55,280,60,2573,2633,2293,2353,2293,MIXED,0.5790743284493285,0.6032786885245902,0.0012870565017804282,0.9447323386921834
56,286,84,2633,2717,2347,2431,2347,ML_TRAINING,0.6980702066251601,0.5823529411764705,0.0018018791024925994,0.9434307888838005
57,291,62,2717,2779,2426,2488,2426,CPU_BOUND,0.9535151515151515,0.5131746031746032,0.0013299583851731091,0.9415266697196847
58,295,65,2779,2844,2484,2549,2484,CPU_BOUND,0.9049081196581196,0.42303030303030303,0.0013943112102621305,0.9401287088143845
59,297,72,2844,2916,2547,2619,2547,CPU_BOUND,0.8133755411255411,0.5727397260273972,0.0015444678021365138,0.9386102340379378
60,303,9,2916,2925,2613,2622,2613,IO_BOUND,1.0,0.6100000000000001,0.00019305847526706422,0.937019450938803
61,305,24,2925,2949,2620,2644,2620,IO_BOUND,0.9915,0.5680000000000001,0.0005148226007121713,0.9368507315191978
62,309,60,2949,3009,2640,2700,2640,CPU_BOUND,0.8833650793650791,0.6632786885245903,0.0012870565017804282,0.9363686760346116
63,314,15,3009,3024,2695,2710,2695,ML_TRAINING,0.49694760794760784,0.6525000000000001,0.00032176412544510704,0.9350430234519993
64,323,14,3024,3038,2701,2715,2701,IO_BOUND,1.0,0.6033333333333333,0.00030031318374876655,0.9348984068066234
65,327,87,3038,3125,2711,2798,2711,CPU_BOUND,0.9252640692640693,0.6022727272727273,0.0018662319275816208,0.9346573790643303
66,328,36,3125,3161,2797,2833,2797,MIXED,0.6279062049062049,0.4554054054054054,0.0007722339010682569,0.9325845404806093
67,333,80,3161,3241,2828,2908,2828,CPU_BOUND,0.6112222222222222,0.5124691358024691,0.0017160753357072375,0.9318373544795006
68,336,55,3241,3296,2905,2960,2905,ML_TRAINING,0.6986869172494171,0.7035714285714285,0.0011798017932987258,0.9299814408638434
69,341,66,3296,3362,2955,3021,2955,CPU_BOUND,0.9891269841269841,0.45298507462686566,0.001415762151958471,0.9287763021523777
70,343,22,3362,3384,3019,3041,3019,CPU_BOUND,0.5182005772005774,0.518695652173913,0.00047192071731949034,0.9272337246017016
71,350,69,3384,3453,3034,3103,3034,ML_TRAINING,0.7174580314884572,0.5828571428571429,0.0014801149770474924,0.9268721829882619
72,354,63,3453,3516,3099,3162,3099,CPU_BOUND,0.9655317460317461,0.483125,0.0013514093268694495,0.9253055026633565
73,359,47,3516,3563,3157,3204,3157,CPU_BOUND,0.6898207070707069,0.6041666666666667,0.0010081942597280021,0.9239075417580563
74,361,21,3563,3584,3202,3223,3202,MIXED,0.5223877958867817,0.6690909090909091,0.00045046977562314985,0.9228229169177372
75,368,24,3584,3608,3216,3240,3216,MIXED,0.5695417350848384,0.5780000000000001,0.0005148226007121713,0.9224854780785269
76,376,25,3608,3633,3232,3257,3232,MIXED,0.6247812406772852,0.6676923076923076,0.0005362735424085117,0.9220998336908578
77,384,33,3633,3666,3249,3282,3249,ML_TRAINING,0.6008866145931364,0.6158823529411765,0.0007078810759792355,0.9216900865289595
78,392,85,3666,3751,3274,3359,3274,CPU_BOUND,0.9811666666666666,0.6023255813953488,0.0018233300441889398,0.9210875171732267
79,397,28,3751,3779,3354,3382,3354,IO_BOUND,0.8678174603174601,0.596896551724138,0.0006006263674975331,0.9191592952348815
80,398,77,3779,3856,3381,3458,3381,CPU_BOUND,0.9530595238095241,0.5125641025641026,0.0016517225106182161,0.9185085203306901
81,399,51,3856,3907,3457,3508,3457,ML_TRAINING,0.8079775849150849,0.6438461538461538,0.0010939980265133639,0.9166767094892623
82,408,88,3907,3995,3499,3587,3499,MIXED,0.7338322510822511,0.5722471910112359,0.0018876828692779614,0.915664392971631
83,411,34,3995,4029,3584,3618,3584,IO_BOUND,0.7194841269841268,0.6257142857142857,0.0007293320176755759,0.9136156571621393
84,415,55,4029,4084,3614,3669,3614,CPU_BOUND,0.9781666666666667,0.5435714285714286,0.0011798017932987258,0.9128925739352599
85,423,29,4084,4113,3661,3690,3661,IO_BOUND,0.924154761904762,0.6566666666666667,0.0006220773091938736,0.9117597435464821
86,424,3,4113,4116,3689,3692,3689,IO_BOUND,0.9415198412698412,0.5800000000000001,6.435282508902141e-05,0.9110848658680614
87,432,50,4116,4166,3684,3734,3684,MIXED,0.7631540404040407,0.6639215686274509,0.0010725470848170235,0.911205379739208
88,439,19,4166,4185,3727,3746,3727,IO_BOUND,0.5172339882339884,0.5700000000000001,0.00040756789223046893,0.9101689604473475
89,443,58,4185,4243,3742,3800,3742,ML_TRAINING,0.5481375787954734,0.5233898305084745,0.0012441546183877472,0.9098074188339078
90,452,18,4243,4261,3791,3809,3791,IO_BOUND,0.7422070707070708,0.6305263157894736,0.00038611695053412845,0.9086263828966714
91,457,60,4261,4321,3804,3864,3804,CPU_BOUND,0.9384166666666666,0.5432786885245902,0.0012870565017804282,0.9083130468316903
92,461,93,4321,4414,3860,3953,3860,MIXED,0.4949797979797981,0.5421276595744681,0.0019949375777596635,0.9069632914748488
93,470,15,4414,4429,3944,3959,3944,ML_TRAINING,0.3492503607503607,0.6225,0.00032176412544510704,0.9049386584395864
94,473,93,4429,4522,3956,4049,3956,ML_TRAINING,0.6514761904761903,0.6721276595744681,0.0019949375777596635,0.9046494251488346
95,474,57,4522,4579,4048,4105,4048,ML_TRAINING,0.8816370851370849,0.613448275862069,0.0012227036766914068,0.9024319699197377
96,481,21,4579,4600,4098,4119,4098,IO_BOUND,0.9484920634920635,0.5390909090909091,0.00045046977562314985,0.9012268312082721
97,483,25,4600,4625,4117,4142,4117,IO_BOUND,0.9273690476190474,0.6276923076923078,0.0005362735424085117,0.9007688784979151
98,484,3,4625,4628,4141,4144,4141,IO_BOUND,0.9868928571428571,0.52,6.435282508902141e-05,0.9001904119164116
99,493,74,4628,4702,4135,4209,4135,CPU_BOUND,0.9685714285714286,0.45266666666666666,0.0015873696855291948,0.9003350285617875
100,497,65,4702,4767,4205,4270,4205,CPU_BOUND,0.9811602564102563,0.573030303030303,0.0013943112102621305,0.8986478343657355
101,499,47,4767,4814,4268,4315,4268,CPU_BOUND,0.9006085858585859,0.5141666666666667,0.0010081942597280021,0.8971293595892887
102,508,35,4814,4849,4306,4341,4306,MIXED,0.5815990712896083,0.5155555555555555,0.0007507829593719164,0.8962134541685748
103,509,19,4849,4868,4340,4359,4340,IO_BOUND,0.9859166666666667,0.63,0.00040756789223046893,0.8953939598447781
104,515,3,4868,4871,4353,4356,4353,IO_BOUND,0.8131984126984129,0.6699999999999999,6.435282508902141e-05,0.895080623779797
105,518,30,4871,4901,4353,4383,4353,ML_TRAINING,0.6147579365079366,0.5564516129032258,0.0006435282508902141,0.895080623779797
106,524,18,4901,4919,4377,4395,4377,CPU_BOUND,0.6058513708513709,0.5805263157894737,0.00038611695053412845,0.8945021571982935
107,529,8,4919,4927,4390,4398,4390,IO_BOUND,0.968892857142857,0.4922222222222222,0.00017160753357072376,0.8941888211333124
108,533,43,4927,4970,4394,4437,4394,MIXED,0.7522334054834054,0.6645454545454546,0.0009223904929426402,0.8940924100363952
109,539,73,4970,5043,4431,4504,4431,CPU_BOUND,0.9966666666666666,0.5727027027027027,0.0015659187438328542,0.8932006073899106
110,547,61,5043,5104,4496,4557,4496,CPU_BOUND,0.5675873015873015,0.5732258064516129,0.0013085074434767685,0.8916339270650052
111,555,21,5104,5125,4549,4570,4549,IO_BOUND,0.893936507936508,0.5390909090909091,0.00045046977562314985,0.8903564800308515
112,563,63,5125,5188,4562,4625,4562,CPU_BOUND,0.9884761904761905,0.6331249999999999,0.0013514093268694495,0.8900431439658705
113,567,82,5188,5270,4621,4703,4621,ML_TRAINING,0.6672241161616163,0.6724096385542169,0.0017589772190999184,0.888621080286341
114,573,71,5270,5341,4697,4768,4697,ML_TRAINING,0.7733227318776854,0.6127777777777778,0.0015230168604401734,0.8867892694449131
115,581,15,5341,5356,4760,4775,4760,MIXED,0.6031969696969695,0.6725,0.00032176412544510704,0.8852707946684664
116,590,68,5356,5424,4766,4834,4766,ML_TRAINING,0.7424518883893882,0.6428985507246376,0.0014586640353511518,0.8851261780230905
117,594,88,5424,5512,4830,4918,4830,ML_TRAINING,0.5551681096681097,0.522247191011236,0.0018876828692779614,0.8835836004724144
118,595,71,5512,5583,4917,4988,4917,CPU_BOUND,0.6931071428571428,0.48277777777777775,0.0015230168604401734,0.8814866591144641
119,601,62,5583,5645,4982,5044,4982,ML_TRAINING,0.6194109779109779,0.49317460317460315,0.0013299583851731091,0.8799199787895586
120,608,66,5645,5711,5037,5103,5037,ML_TRAINING,0.45808166248955706,0.5829850746268657,0.001415762151958471,0.8785943262069464
121,616,27,5711,5738,5095,5122,5095,ML_TRAINING,0.662517611559407,0.5271428571428571,0.0005791754258011927,0.8771963653016462
122,618,76,5738,5814,5120,5196,5120,ML_TRAINING,0.7811605339105335,0.5825974025974026,0.0016302715689218757,0.8765937959459134
123,624,41,5814,5855,5190,5231,5190,IO_BOUND,0.718876984126984,0.6847619047619047,0.0008794886095499592,0.8749066017498615
124,631,76,5855,5931,5224,5300,5224,CPU_BOUND,0.9526984126984126,0.5125974025974026,0.0016302715689218757,0.8740871074260648
125,639,79,5931,6010,5292,5371,5292,CPU_BOUND,0.99075,0.5725,0.001694624394010897,0.8724481187784714
126,646,3,6010,6013,5364,5367,5364,IO_BOUND,0.905079365079365,0.49,6.435282508902141e-05,0.8707127190339607
127,650,24,6013,6037,5363,5387,5363,ML_TRAINING,0.46294624819624824,0.528,0.0005148226007121713,0.8707368218081901
128,654,10,6037,6047,5383,5393,5383,ML_TRAINING,0.6798091630591631,0.5381818181818182,0.00021450941696340468,0.8702547663236039
129,660,37,6047,6084,5387,5424,5387,ML_TRAINING,0.37085966810966814,0.5552631578947369,0.0007936848427645974,0.8701583552266866
130,667,19,6084,6103,5417,5436,5417,IO_BOUND,0.998,0.54,0.00040756789223046893,0.8694352719998072
131,670,25,6103,6128,5433,5458,5433,IO_BOUND,0.963797619047619,0.5676923076923077,0.0005362735424085117,0.8690496276121382
132,676,56,6128,6184,5452,5508,5452,CPU_BOUND,0.97,0.5735087719298246,0.0012012527349950662,0.8685916749017812
133,683,49,6184,6233,5501,5550,5501,CPU_BOUND,0.8640101010101009,0.5740000000000001,0.001051096143120683,0.8674106389645448
134,692,24,6233,6257,5541,5565,5541,IO_BOUND,0.986309523809524,0.508,0.0005148226007121713,0.8664465279953723
135,698,62,6257,6319,5559,5621,5559,ML_TRAINING,0.7714325396825394,0.7031746031746031,0.0013299583851731091,0.8660126780592446
136,701,25,6319,6344,5618,5643,5618,IO_BOUND,0.9737539682539681,0.5976923076923077,0.0005362735424085117,0.8645906143797151
137,702,24,6344,6368,5642,5666,5642,IO_BOUND,0.9622142857142856,0.5680000000000001,0.0005148226007121713,0.8640121477982116
138,706,46,6368,6414,5662,5708,5662,MIXED,0.8304824342324344,0.6042553191489362,0.0009867433180316615,0.8635300923136253
139,710,21,6414,6435,5704,5725,5704,IO_BOUND,0.9628373015873015,0.5990909090909091,0.00045046977562314985,0.8625177757959941
140,718,51,6435,6486,5717,5768,5717,ML_TRAINING,0.864811904469799,0.5538461538461539,0.0010939980265133639,0.862204439731013
141,724,55,6486,6541,5762,5817,5762,MIXED,0.4474338924963926,0.6335714285714285,0.0011798017932987258,0.8611198148906939
142,726,59,6541,6600,5815,5874,5815,CPU_BOUND,0.8486190476190477,0.5133333333333333,0.0012656055600840878,0.8598423678565403
143,734,26,6600,6626,5866,5892,5866,IO_BOUND,0.8539126984126983,0.4774074074074074,0.0005577244841048522,0.8586131263708453
144,743,42,6626,6668,5883,5925,5883,MIXED,0.46050176212676214,0.5446511627906976,0.0009009395512462997,0.858203379208947
145,744,46,6668,6714,5924,5970,5924,CPU_BOUND,0.8841006493506492,0.5442553191489361,0.0009867433180316615,0.8572151654655451
146,745,58,6714,6772,5969,6027,5969,CPU_BOUND,0.8768333333333331,0.6333898305084746,0.0012441546183877472,0.856130540625226
147,750,35,6772,6807,6022,6057,6022,MIXED,0.49001118326118315,0.5155555555555555,0.0007507829593719164,0.8548530935910723
148,758,18,6807,6825,6049,6067,6049,IO_BOUND,0.8994166666666668,0.5705263157894738,0.00038611695053412845,0.8542023186868809
149,763,56,6825,6881,6062,6118,6062,CPU_BOUND,0.8241865079365083,0.5735087719298246,0.0012012527349950662,0.8538889826218998
150,769,60,6881,6941,6112,6172,6112,CPU_BOUND,0.9496904761904762,0.5732786885245902,0.0012870565017804282,0.8526838439104341
151,770,75,6941,7016,6171,6246,6171,ML_TRAINING,0.5085964084934672,0.6126315789473684,0.0016088206272255351,0.8512617802309046
152,779,51,7016,7067,6237,6288,6237,CPU_BOUND,0.871452380952381,0.5138461538461538,0.0010939980265133639,0.8496709971317699
153,787,81,7067,7148,6280,6361,6280,CPU_BOUND,0.7934246031746032,0.5124390243902439,0.001737526277403578,0.8486345778399094
154,795,30,7148,7178,6353,6383,6353,MIXED,0.3422341269841268,0.5764516129032258,0.0006435282508902141,0.8468750753211695
155,798,73,7178,7251,6380,6453,6380,ML_TRAINING,0.7801737755708342,0.5527027027027027,0.0015659187438328542,0.846224300416978
156,806,66,7251,7317,6445,6511,6445,CPU_BOUND,0.952579365079365,0.45298507462686566,0.001415762151958471,0.8446576200920726
157,812,50,7317,7367,6505,6555,6505,MIXED,0.6803726551226552,0.513921568627451,0.0010725470848170235,0.8432114536383137
158,818,81,7367,7448,6549,6630,6549,ML_TRAINING,0.704883971291866,0.6124390243902439,0.001737526277403578,0.842150931572224
159,823,73,7448,7521,6625,6698,6625,CPU_BOUND,0.9775714285714286,0.4527027027027027,0.0015659187438328542,0.8403191207307961
160,831,65,7521,7586,6690,6755,6690,ML_TRAINING,0.49373135198135204,0.553030303030303,0.0013943112102621305,0.8387524404058907
161,836,12,7586,7598,6750,6762,6750,IO_BOUND,1.0,0.6053846153846154,0.00025741130035608563,0.8373062739521319
162,843,19,7598,7617,6755,6774,6755,MIXED,0.38707731157731146,0.6699999999999999,0.00040756789223046893,0.8371857600809853
163,846,37,7617,7654,6771,6808,6771,MIXED,0.648083782230841,0.5752631578947368,0.0007936848427645974,0.8368001156933162
164,855,32,7654,7686,6799,6831,6799,IO_BOUND,0.5670277777777776,0.5360606060606061,0.000686430134282895,0.8361252380148956
165,859,71,7686,7757,6827,6898,6827,CPU_BOUND,0.8768095238095238,0.5727777777777778,0.0015230168604401734,0.8354503603364747
166,866,50,7757,7807,6891,6941,6891,ML_TRAINING,0.48764100278806155,0.553921568627451,0.0010725470848170235,0.8339077827857986
167,871,3,7807,7810,6936,6939,6936,IO_BOUND,0.975,0.6399999999999999,6.435282508902141e-05,0.8328231579454796
168,878,68,7810,7878,6932,7000,6932,CPU_BOUND,0.9826666666666667,0.5728985507246377,0.0014586640353511518,0.8329195690423967
169,885,83,7878,7961,6993,7076,6993,ML_TRAINING,0.4345714285714287,0.5223809523809524,0.001780428160796259,0.8314492998144086
170,893,85,7961,8046,7068,7153,7068,MIXED,0.5775818903318904,0.5423255813953488,0.0018233300441889398,0.8296415917472101
171,894,6,8046,8052,7152,7158,7152,IO_BOUND,0.5987698412698412,0.6485714285714286,0.00012870565017804282,0.8276169587119477
172,898,49,8052,8101,7154,7203,7154,CPU_BOUND,0.7960952380952382,0.694,0.001051096143120683,0.8275687531634891
173,899,12,8101,8113,7202,7214,7202,IO_BOUND,0.5924440836940836,0.6953846153846155,0.00025741130035608563,0.8264118200004821
174,903,80,8113,8193,7210,7290,7210,CPU_BOUND,0.8643333333333334,0.6624691358024692,0.0017160753357072375,0.8262189978066475
175,912,63,8193,8256,7281,7344,7281,MIXED,0.6390499003920056,0.453125,0.0013514093268694495,0.8245077008363663
176,918,77,8256,8333,7338,7415,7338,CPU_BOUND,0.7975158730158731,0.5725641025641026,0.0016517225106182161,0.8231338427052954
177,924,76,8333,8409,7409,7485,7409,MIXED,0.5794680597180598,0.5725974025974025,0.0016302715689218757,0.8214225457350142
178,928,3,8409,8412,7481,7484,7481,IO_BOUND,0.9794761904761903,0.6100000000000001,6.435282508902141e-05,0.8196871459905035
179,930,63,8412,8475,7482,7545,7482,ML_TRAINING,0.6406824335794924,0.5831249999999999,0.0013514093268694495,0.8196630432162741
180,938,56,8475,8531,7537,7593,7537,CPU_BOUND,0.813596681096681,0.42350877192982456,0.0012012527349950662,0.818337390633662
181,941,22,8531,8553,7590,7612,7590,IO_BOUND,0.8595227272727272,0.568695652173913,0.00047192071731949034,0.8170599435995083
182,942,65,8553,8618,7611,7676,7611,CPU_BOUND,0.9701666666666666,0.633030303030303,0.0013943112102621305,0.8165537853406927
183,948,52,8618,8670,7670,7722,7670,ML_TRAINING,0.4965793650793652,0.5537735849056604,0.0011154489682097045,0.8151317216611632
184,955,38,8670,8708,7715,7753,7715,ML_TRAINING,0.6103149399619987,0.5851282051282052,0.0008151357844609379,0.8140470968208441
185,956,91,8708,8799,7752,7843,7752,CPU_BOUND,0.9043831168831167,0.6021739130434782,0.0019520356943669827,0.8131552941743595
186,957,20,8799,8819,7842,7862,7842,MIXED,0.641949134199134,0.6395238095238095,0.00042901883392680937,0.8109860444937212
187,959,79,8819,8898,7860,7939,7860,ML_TRAINING,0.7654108946608946,0.6425000000000001,0.001694624394010897,0.8105521945575935
188,960,87,8898,8985,7938,8025,7938,MIXED,0.624752052545156,0.6622727272727272,0.0018662319275816208,0.8086721781677071
189,962,20,8985,9005,8023,8043,8023,IO_BOUND,1.0,0.5995238095238096,0.00042901883392680937,0.8066234423582155
190,967,45,9005,9050,8038,8083,8038,CPU_BOUND,0.9080476190476189,0.5443478260869565,0.0009652923763353212,0.8062619007447758
191,970,49,9050,9099,8080,8129,8080,CPU_BOUND,0.910607142857143,0.514,0.001051096143120683,0.8052495842271445
192,979,69,9099,9168,8120,8189,8120,ML_TRAINING,0.7575929521233783,0.6428571428571428,0.0014801149770474924,0.8042854732579721
193,981,39,9168,9207,8187,8226,8187,ML_TRAINING,0.7647260806826024,0.495,0.0008365867261572784,0.802670587384608
194,984,53,9207,9260,8223,8276,8223,MIXED,0.7293589466089467,0.6037037037037036,0.0011368999099060449,0.8018028875123526
195,993,17,9260,9277,8267,8284,8267,IO_BOUND,0.9488603896103895,0.6011111111111112,0.00036466600883778796,0.8007423654462629
196,998,7,9277,9284,8279,8286,8279,IO_BOUND,0.9360097402597403,0.675,0.00015015659187438328,0.8004531321555111
197,999,68,9284,9352,8285,8353,8285,MIXED,0.5493622479053515,0.5728985507246376,0.0014586640353511518,0.8003085155101353
198,1003,65,9352,9417,8349,8414,8349,ML_TRAINING,0.7810465992340992,0.6430303030303031,0.0013943112102621305,0.7987659379594592
199,1006,16,9417,9433,8411,8427,8411,ML_TRAINING,0.6362186522627699,0.621764705882353,0.0003432150671414475,0.7972715659572417
200,1015,75,9433,9508,8418,8493,8418,ML_TRAINING,0.8054119769119766,0.5226315789473683,0.0016088206272255351,0.7971028465376365
201,1019,43,9508,9551,8489,8532,8489,MIXED,0.6230198412698413,0.6045454545454545,0.0009223904929426402,0.7953915495673551
202,1022,56,9551,9607,8529,8585,8529,CPU_BOUND,0.9388809523809525,0.48350877192982455,0.0012012527349950662,0.7944274385981827
203,1029,42,9607,9649,8578,8620,8578,CPU_BOUND,0.9102222222222219,0.5746511627906976,0.0009009395512462997,0.7932464026609463
204,1032,41,9649,9690,8617,8658,8617,ML_TRAINING,0.4833584215218397,0.6447619047619048,0.0008794886095499592,0.792306394466003
205,1037,30,9690,9720,8653,8683,8653,MIXED,0.6552377751558786,0.6964516129032259,0.0006435282508902141,0.7914386945937477
206,1043,93,9720,9813,8677,8770,8677,CPU_BOUND,0.9800714285714285,0.5121276595744682,0.0019949375777596635,0.7908602280122442
207,1048,53,9813,9866,8765,8818,8765,CPU_BOUND,0.9604880952380952,0.5437037037037037,0.0011368999099060449,0.7887391838800646
208,1054,51,9866,9917,8812,8863,8812,CPU_BOUND,0.6614563492063492,0.5138461538461538,0.0010939980265133639,0.7876063534912868
209,1062,102,9917,10019,8855,8957,8855,CPU_BOUND,0.8733831168831172,0.5719417475728155,0.0021879960530267278,0.7865699341994263
210,1064,70,10019,10089,8955,9025,8955,CPU_BOUND,0.3963391053391054,0.5728169014084508,0.0015015659187438328,0.784159656776495
211,1067,40,10089,10129,9022,9062,9022,MIXED,0.5810522255522254,0.6048780487804878,0.0008580376678536187,0.782544770903131
212,1074,5,10129,10134,9055,9060,9055,MIXED,0.5635588023088021,0.6633333333333333,0.00010725470848170234,0.7817493793535636
213,1080,88,10134,10222,9054,9142,9054,ML_TRAINING,0.5226368363437328,0.672247191011236,0.0018876828692779614,0.7817734821277929
214,1089,49,10222,10271,9133,9182,9133,CPU_BOUND,0.9376150793650792,0.544,0.001051096143120683,0.7798693629636771
215,1097,47,10271,10318,9174,9221,9174,MIXED,0.5955522186147187,0.6641666666666666,0.0010081942597280021,0.7788811492202753
216,1101,52,10318,10370,9217,9269,9217,CPU_BOUND,0.8912619047619047,0.5137735849056604,0.0011154489682097045,0.7778447299284148
217,1103,21,10370,10391,9267,9288,9267,IO_BOUND,0.9260317460317461,0.5990909090909091,0.00045046977562314985,0.776639591216949
218,1111,28,10391,10419,9280,9308,9280,MIXED,0.5992579365079366,0.546896551724138,0.0006006263674975331,0.776326255151968
219,1119,60,10419,10479,9300,9360,9300,MIXED,0.6846970758000168,0.6032786885245902,0.0012870565017804282,0.7758441996673817
220,1124,28,10479,10507,9355,9383,9355,MIXED,0.4151800144300145,0.516896551724138,0.0006006263674975331,0.7745185470847694
221,1128,31,10507,10538,9379,9410,9379,MIXED,0.557630230880231,0.63625,0.0006649791925865546,0.7739400805032659
222,1136,55,10538,10593,9402,9457,9402,MIXED,0.696280844155844,0.6635714285714285,0.0011798017932987258,0.7733857166959917
223,1138,71,10593,10664,9455,9526,9455,CPU_BOUND,0.9509166666666665,0.6027777777777777,0.0015230168604401734,0.7721082696618381
224,1145,7,10664,10671,9519,9526,9519,IO_BOUND,0.5063593073593075,0.585,0.00015015659187438328,0.770565692111162
225,1154,40,10671,10711,9517,9557,9517,CPU_BOUND,0.8270873015873015,0.5748780487804879,0.0008580376678536187,0.7706138976596206
226,1157,68,10711,10779,9554,9622,9554,CPU_BOUND,0.9596666666666666,0.6628985507246377,0.0014586640353511518,0.769722095013136
227,1158,37,10779,10816,9621,9658,9621,ML_TRAINING,0.5617490696438064,0.5552631578947369,0.0007936848427645974,0.768107209139772
228,1159,9,10816,10825,9657,9666,9657,IO_BOUND,0.9732500000000001,0.46,0.00019305847526706422,0.7672395092675167
229,1162,46,10825,10871,9663,9709,9663,ML_TRAINING,0.5431105018170235,0.46425531914893614,0.0009867433180316615,0.7670948926221408
230,1164,44,10871,10915,9707,9751,9707,MIXED,0.6170769496204279,0.48444444444444446,0.0009438414346389807,0.7660343705560511
231,1168,47,10915,10962,9747,9794,9747,ML_TRAINING,0.6102079864579865,0.5541666666666667,0.0010081942597280021,0.7650702595868785
232,1175,21,10962,10983,9787,9808,9787,IO_BOUND,0.7971865079365078,0.509090909090909,0.00045046977562314985,0.7641061486177059
233,1177,46,10983,11029,9806,9852,9806,MIXED,0.6343073593073594,0.6342553191489362,0.0009867433180316615,0.7636481959073489
234,1183,23,11029,11052,9846,9869,9846,IO_BOUND,0.7966507936507935,0.5083333333333333,0.0004933716590158308,0.7626840849381764
235,1189,68,11052,11120,9863,9931,9863,CPU_BOUND,0.9891666666666665,0.6028985507246376,0.0014586640353511518,0.7622743377762781
236,1198,25,11120,11145,9922,9947,9922,MIXED,0.5494097895568483,0.6376923076923077,0.0005362735424085117,0.7608522740967485
237,1199,72,11145,11217,9946,10018,9946,CPU_BOUND,0.9854761904761905,0.5127397260273973,0.0015444678021365138,0.760273807515245
238,1204,54,11217,11271,10013,10067,10013,CPU_BOUND,0.8209047619047618,0.4536363636363636,0.0011583508516023854,0.758658921641881
239,1209,47,11271,11318,10062,10109,10062,ML_TRAINING,0.6217271071840037,0.5841666666666667,0.0010081942597280021,0.7574778857046446
240,1215,91,11318,11409,10103,10194,10103,CPU_BOUND,0.9684761904761905,0.6921739130434783,0.0019520356943669827,0.7564896719612427
241,1222,74,11409,11483,10187,10261,10187,ML_TRAINING,0.7850753968253968,0.6426666666666667,0.0015873696855291948,0.7544650389259804
242,1228,99,11483,11582,10255,10354,10255,CPU_BOUND,0.7014761904761905,0.512,0.0021236432279377066,0.752826050278387
243,1237,64,11582,11646,10345,10409,10345,ML_TRAINING,0.6544618933697882,0.4930769230769231,0.00137286026856579,0.7506568005977488
244,1238,33,11646,11679,10408,10441,10408,IO_BOUND,0.856781746031746,0.4458823529411765,0.0007078810759792355,0.749138325821302
245,1247,85,11679,11764,10432,10517,10432,CPU_BOUND,0.9210296092796092,0.4223255813953488,0.0018233300441889398,0.7485598592397985
246,1249,40,11764,11804,10515,10555,10515,ML_TRAINING,0.4388055555555555,0.5848780487804879,0.0008580376678536187,0.7465593289787655
247,1255,4,11804,11808,10549,10553,10549,IO_BOUND,0.5066626984126984,0.6000000000000001,8.580376678536188e-05,0.7457398346549688
248,1256,80,11808,11888,10552,10632,10552,CPU_BOUND,0.5570259740259741,0.5724691358024692,0.0017160753357072375,0.7456675263322808
249,1260,20,11888,11908,10628,10648,10628,ML_TRAINING,0.5947106782106782,0.5895238095238096,0.00042901883392680937,0.743835715490853
250,1266,41,11908,11949,10642,10683,10642,ML_TRAINING,0.5238169780974041,0.6147619047619048,0.0008794886095499592,0.7434982766516426
251,1268,17,11949,11966,10681,10698,10681,IO_BOUND,0.9975,0.5111111111111111,0.00036466600883778796,0.7425582684566994
252,1275,10,11966,11976,10691,10701,10691,IO_BOUND,1.0,0.6081818181818182,0.00021450941696340468,0.7423172407144063
253,1279,69,11976,12045,10697,10766,10697,ML_TRAINING,0.8056785714285714,0.5228571428571429,0.0014801149770474924,0.7421726240690303
254,1281,7,12045,12052,10764,10771,10764,IO_BOUND,1.0,0.525,0.00015015659187438328,0.7405577381956663
255,1284,120,12052,12172,10768,10888,10768,CPU_BOUND,0.9196388888888888,0.5416528925619835,0.0025741130035608563,0.740461327098749
256,1285,30,12172,12202,10887,10917,10887,MIXED,0.6566996940967529,0.6364516129032258,0.0006435282508902141,0.7375930969654607
257,1289,38,12202,12240,10913,10951,10913,ML_TRAINING,0.4780459956709957,0.7051282051282051,0.0008151357844609379,0.7369664248354986
258,1297,33,12240,12273,10943,10976,10943,MIXED,0.7937083863848567,0.6358823529411765,0.0007078810759792355,0.7362433416086192
259,1304,40,12273,12313,10969,11009,10969,MIXED,0.6419848484848484,0.4848780487804878,0.0008580376678536187,0.735616669478657
260,1312,64,12313,12377,11001,11065,11001,CPU_BOUND,0.9609722222222223,0.573076923076923,0.00137286026856579,0.734845380703319
261,1321,15,12377,12392,11056,11071,11056,MIXED,0.5147937617937617,0.5525,0.00032176412544510704,0.7335197281207066
262,1325,82,12392,12474,11067,11149,11067,ML_TRAINING,0.5099206349206349,0.5824096385542168,0.0017589772190999184,0.7332545976041842
263,1330,77,12474,12551,11144,11221,11144,CPU_BOUND,0.9537770562770561,0.48256410256410254,0.0016517225106182161,0.7313986839885271
264,1333,10,12551,12561,11218,11228,11218,IO_BOUND,0.9397499999999998,0.6981818181818182,0.00021450941696340468,0.7296150786955579
265,1340,74,12561,12635,11221,11295,11221,ML_TRAINING,0.5660993670072617,0.5526666666666666,0.0015873696855291948,0.7295427703728699
266,1346,36,12635,12671,11289,11325,11289,MIXED,0.6520963203463204,0.6654054054054054,0.0007722339010682569,0.7279037817252766
267,1354,32,12671,12703,11317,11349,11317,MIXED,0.6539767824898349,0.606060606060606,0.000686430134282895,0.7272289040468558
268,1363,32,12703,12735,11340,11372,11340,MIXED,0.527904761904762,0.546060606060606,0.000686430134282895,0.7266745402395816
269,1367,8,12735,12743,11368,11376,11368,IO_BOUND,0.89733658008658,0.5222222222222223,0.00017160753357072376,0.7259996625611608
270,1368,23,12743,12766,11375,11398,11375,IO_BOUND,0.943281746031746,0.5683333333333334,0.0004933716590158308,0.7258309431415556
271,1375,51,12766,12817,11391,11442,11391,ML_TRAINING,0.5738840326340325,0.6438461538461538,0.0010939980265133639,0.7254452987538866
272,1382,81,12817,12898,11435,11516,11435,ML_TRAINING,0.7926973304473307,0.46243902439024387,0.001737526277403578,0.7243847766877968
273,1386,49,12898,12947,11512,11561,11512,MIXED,0.5007430555555556,0.6339999999999999,0.001051096143120683,0.7225288630721396
274,1395,68,12947,13015,11552,11620,11552,ML_TRAINING,0.7301663059163058,0.5528985507246377,0.0014586640353511518,0.7215647521029671
275,1401,22,13015,13037,11614,11636,11614,IO_BOUND,0.9954999999999999,0.4786956521739131,0.00047192071731949034,0.7200703801007495
276,1407,28,13037,13065,11630,11658,11630,IO_BOUND,0.9616388888888889,0.4768965517241379,0.0006006263674975331,0.7196847357130806
277,1410,26,13065,13091,11655,11681,11655,MIXED,0.4504348256543998,0.5774074074074074,0.0005577244841048522,0.7190821663573477
278,1415,39,13091,13130,11676,11715,11676,MIXED,0.4959801587301588,0.515,0.0008365867261572784,0.7185760080985322
279,1420,33,13130,13163,11710,11743,11710,MIXED,0.36835606060606046,0.5758823529411765,0.0007078810759792355,0.7177565137747355
280,1424,43,13163,13206,11739,11782,11739,ML_TRAINING,0.6883838820315801,0.6145454545454545,0.0009223904929426402,0.7170575333220854
281,1432,55,13206,13261,11774,11829,11774,ML_TRAINING,0.7943467168796116,0.49357142857142855,0.0011798017932987258,0.7162139362240594
282,1436,20,13261,13281,11825,11845,11825,IO_BOUND,0.8238603896103895,0.5395238095238095,0.00042901883392680937,0.7149846947383645
283,1438,3,13281,13284,11843,11846,11843,IO_BOUND,0.8276587301587301,0.6100000000000001,6.435282508902141e-05,0.7145508448022367
284,1445,72,13284,13356,11839,11911,11839,CPU_BOUND,0.9845833333333335,0.6627397260273973,0.0015444678021365138,0.714647255899154
285,1448,18,13356,13374,11908,11926,11908,MIXED,0.5965058552558553,0.6405263157894736,0.00038611695053412845,0.7129841644773314
286,1457,92,13374,13466,11917,12009,11917,CPU_BOUND,0.8832261904761904,0.4821505376344086,0.001973486636063323,0.7127672395092675
287,1462,15,13466,13481,12004,12019,12004,IO_BOUND,0.8005674603174601,0.5125,0.00032176412544510704,0.7106702981513172
288,1463,77,13481,13558,12018,12095,12018,MIXED,0.7165470689322774,0.5725641025641026,0.0016517225106182161,0.7103328593121068
289,1467,78,13558,13636,12091,12169,12091,CPU_BOUND,0.7868174603174602,0.5425316455696203,0.0016731734523145567,0.708573356793367
290,1473,86,13636,13722,12163,12249,12163,MIXED,0.572746397381606,0.6022988505747127,0.0018447809858852804,0.7068379570488563
291,1482,69,13722,13791,12240,12309,12240,CPU_BOUND,0.8553517316017314,0.5728571428571428,0.0014801149770474924,0.7049820434331991
292,1487,44,13791,13835,12304,12348,12304,CPU_BOUND,0.8982222222222224,0.48444444444444446,0.0009438414346389807,0.7034394658825232
293,1489,54,13835,13889,12346,12400,12346,ML_TRAINING,0.5595829725829726,0.5536363636363637,0.0011583508516023854,0.7024271493648919
294,1496,20,13889,13909,12393,12413,12393,IO_BOUND,0.9747893217893219,0.5695238095238095,0.00042901883392680937,0.7012943189761142
295,1502,80,13909,13989,12407,12487,12407,CPU_BOUND,0.9236767676767675,0.6024691358024692,0.0017160753357072375,0.7009568801369037
296,1508,15,13989,14004,12481,12496,12481,IO_BOUND,0.8147954545454544,0.6625000000000001,0.00032176412544510704,0.6991732748439345
297,1514,20,14004,14024,12490,12510,12490,ML_TRAINING,0.4618253968253969,0.5595238095238095,0.00042901883392680937,0.6989563498758706
298,1523,33,14024,14057,12501,12534,12501,CPU_BOUND,0.45238888888888895,0.4258823529411765,0.0007078810759792355,0.6986912193593482
299,1531,34,14057,14091,12526,12560,12526,MIXED,0.4843878066378066,0.5457142857142857,0.0007293320176755759,0.6980886500036154
300,1536,59,14091,14150,12555,12614,12555,CPU_BOUND,0.9522142857142858,0.6333333333333333,0.0012656055600840878,0.6973896695509654
301,1540,46,14150,14196,12610,12656,12610,CPU_BOUND,0.7781475746475747,0.42425531914893616,0.0009867433180316615,0.6960640169683531
302,1544,23,14196,14219,12652,12675,12652,IO_BOUND,0.9971428571428572,0.5383333333333333,0.0004933716590158308,0.695051700450722
303,1549,21,14219,14240,12670,12691,12670,MIXED,0.616240342990343,0.6390909090909092,0.00045046977562314985,0.6946178505145942
304,1552,5,14240,14245,12688,12693,12688,IO_BOUND,0.6284130591630591,0.5933333333333333,0.00010725470848170234,0.6941840005784665
305,1559,5,14245,14250,12686,12691,12686,IO_BOUND,0.5085429292929292,0.5333333333333333,0.00010725470848170234,0.6942322061269253
306,1566,88,14250,14338,12684,12772,12684,ML_TRAINING,0.6191718559218558,0.642247191011236,0.0018876828692779614,0.6942804116753838
307,1568,21,14338,14359,12770,12791,12770,IO_BOUND,0.7824989177489176,0.5990909090909091,0.00045046977562314985,0.6922075730916628
308,1571,21,14359,14380,12788,12809,12788,IO_BOUND,0.9676309523809523,0.5990909090909091,0.00045046977562314985,0.6917737231555352
309,1578,38,14380,14418,12802,12840,12802,CPU_BOUND,0.4102936507936507,0.5751282051282052,0.0008151357844609379,0.6914362843163249
310,1587,65,14418,14483,12831,12896,12831,CPU_BOUND,0.6639556277056278,0.573030303030303,0.0013943112102621305,0.6907373038636747
311,1588,11,14483,14494,12895,12906,12895,IO_BOUND,0.5643235930735933,0.5766666666666667,0.00023596035865974517,0.6891947263129986
312,1595,99,14494,14593,12899,12998,12899,CPU_BOUND,0.9735714285714284,0.452,0.0021236432279377066,0.6890983152160814
313,1596,84,14593,14677,12997,13081,12997,CPU_BOUND,0.9369920634920633,0.4823529411764706,0.0018018791024925994,0.6867362433416087
314,1601,93,14677,14770,13076,13169,13076,ML_TRAINING,0.7006925238504185,0.612127659574468,0.0019949375777596635,0.6848321241774928
315,1610,83,14770,14853,13160,13243,13160,ML_TRAINING,0.7821752078331025,0.46238095238095234,0.001780428160796259,0.6828074911422305
316,1619,40,14853,14893,13234,13274,13234,MIXED,0.741612081405185,0.6648780487804877,0.0008580376678536187,0.6810238858492612
317,1622,17,14893,14910,13271,13288,13271,IO_BOUND,0.9957142857142857,0.5711111111111111,0.00036466600883778796,0.6801320832027766
318,1631,54,14910,14964,13279,13333,13279,CPU_BOUND,0.9123333333333333,0.5436363636363637,0.0011583508516023854,0.6799392610089421
319,1633,86,14964,15050,13331,13417,13331,CPU_BOUND,0.8606825396825397,0.5122988505747126,0.0018447809858852804,0.6786859167490178
320,1641,43,15050,15093,13409,13452,13409,CPU_BOUND,0.5827182539682539,0.5145454545454545,0.0009223904929426402,0.6768059003591314
321,1643,39,15093,15132,13450,13489,13450,MIXED,0.6617238455988455,0.665,0.0008365867261572784,0.6758176866157295
322,1650,52,15132,15184,13482,13534,13482,MIXED,0.7540188700188699,0.6637735849056603,0.0011154489682097045,0.6750463978403914
323,1659,21,15184,15205,13525,13546,13525,MIXED,0.508702380952381,0.4890909090909091,0.00045046977562314985,0.674009978548531
324,1663,100,15205,15305,13542,13642,13542,CPU_BOUND,0.9772142857142856,0.601980198019802,0.002145094169634047,0.6736002313866326
325,1669,86,15305,15391,13636,13722,13636,ML_TRAINING,0.5042875180375181,0.6422988505747127,0.0018447809858852804,0.6713345706090771
326,1670,61,15391,15452,13721,13782,13721,CPU_BOUND,0.5118320290820291,0.4232258064516129,0.0013085074434767685,0.6692858347995854
327,1671,62,15452,15514,13781,13843,13781,MIXED,0.6096904761904762,0.48317460317460315,0.0013299583851731091,0.6678396683458265
328,1676,66,15514,15580,13838,13904,13838,CPU_BOUND,0.5924257964257964,0.5729850746268657,0.001415762151958471,0.6664658102147557
329,1683,24,15580,15604,13897,13921,13897,IO_BOUND,0.9698809523809524,0.5980000000000001,0.0005148226007121713,0.6650437465352261
330,1687,77,15604,15681,13917,13994,13917,CPU_BOUND,0.8741428571428572,0.45256410256410257,0.0016517225106182161,0.66456169105064
331,1695,21,15681,15702,13986,14007,13986,IO_BOUND,0.9603095238095237,0.6890909090909092,0.00045046977562314985,0.6628985996288173
332,1702,58,15702,15760,14000,14058,14000,ML_TRAINING,0.5058591269841269,0.5833898305084746,0.0012441546183877472,0.6625611607896069
333,1706,75,15760,15835,14054,14129,14054,CPU_BOUND,0.9555970695970696,0.4226315789473684,0.0016088206272255351,0.6612596109812239
334,1707,76,15835,15911,14128,14204,14128,CPU_BOUND,0.9891269841269841,0.6025974025974026,0.0016302715689218757,0.6594760056882547
335,1714,71,15911,15982,14197,14268,14197,CPU_BOUND,0.8628214285714284,0.5727777777777778,0.0015230168604401734,0.6578129142664321
336,1723,83,15982,16065,14259,14342,14259,CPU_BOUND,0.9356608946608947,0.6323809523809524,0.001780428160796259,0.6563185422642146
337,1732,66,16065,16131,14333,14399,14333,CPU_BOUND,0.958126984126984,0.5729850746268657,0.001415762151958471,0.6545349369712454
338,1741,61,16131,16192,14390,14451,14390,MIXED,0.6955787095482839,0.633225806451613,0.0013085074434767685,0.6531610788401745
339,1747,23,16192,16215,14445,14468,14445,IO_BOUND,0.9581825396825395,0.6283333333333334,0.0004933716590158308,0.6518354262575623
340,1756,84,16215,16299,14459,14543,14459,CPU_BOUND,0.9554227994227995,0.5723529411764705,0.0018018791024925994,0.6514979874183519
341,1757,23,16299,16322,14542,14565,14542,IO_BOUND,0.39937384837384843,0.5383333333333333,0.0004933716590158308,0.6494974571573189
342,1761,21,16322,16343,14561,14582,14561,IO_BOUND,0.9891666666666667,0.5390909090909091,0.00045046977562314985,0.6490395044469619
343,1767,47,16343,16390,14576,14623,14576,CPU_BOUND,0.32939033189033173,0.4241666666666667,0.0010081942597280021,0.6486779628335222
344,1771,23,16390,16413,14619,14642,14619,IO_BOUND,0.9790367965367966,0.5083333333333333,0.0004933716590158308,0.6476415435416616
345,1775,17,16413,16430,14638,14655,14638,IO_BOUND,0.9794642857142857,0.5111111111111111,0.00036466600883778796,0.6471835908313046
346,1783,56,16430,16486,14647,14703,14647,MIXED,0.5847860115031167,0.5435087719298246,0.0012012527349950662,0.6469666658632409
347,1786,31,16486,16517,14700,14731,14700,MIXED,0.6503348861283642,0.60625,0.0006649791925865546,0.6456892188290873
348,1791,67,16517,16584,14726,14793,14726,CPU_BOUND,0.9975,0.5729411764705883,0.0014372130936548115,0.6450625466991251
349,1794,32,16584,16616,14790,14822,14790,IO_BOUND,0.8755674603174601,0.5360606060606061,0.000686430134282895,0.643519969148449
350,1802,43,16616,16659,14814,14857,14814,MIXED,0.42922619047619015,0.6345454545454545,0.0009223904929426402,0.6429415025669454
351,1810,13,16659,16672,14849,14862,14849,IO_BOUND,0.9901666666666666,0.5742857142857143,0.0002788622420524261,0.6420979054689195
352,1816,62,16672,16734,14856,14918,14856,ML_TRAINING,0.7627809909388859,0.4631746031746032,0.0013299583851731091,0.6419291860493143
353,1821,74,16734,16808,14913,14987,14913,MIXED,0.5683192640692643,0.5726666666666667,0.0015873696855291948,0.6405553279182434
354,1830,83,16808,16891,14978,15061,14978,CPU_BOUND,0.9635436507936507,0.5123809523809524,0.001780428160796259,0.638988647593338
355,1839,97,16891,16988,15052,15149,15052,CPU_BOUND,0.9540735930735932,0.5720408163265306,0.0020807413445450254,0.6372050423003688
356,1846,5,16988,16993,15142,15147,15142,MIXED,0.5824087301587302,0.7233333333333334,0.00010725470848170234,0.6350357926197305
357,1855,5,16993,16998,15138,15143,15138,CPU_BOUND,0.4092316017316017,0.5433333333333333,0.00010725470848170234,0.6351322037166478
358,1862,65,16998,17063,15136,15201,15136,ML_TRAINING,0.7019255189255189,0.583030303030303,0.0013943112102621305,0.6351804092651064
359,1863,56,17063,17119,15200,15256,15200,ML_TRAINING,0.7355844017094015,0.5535087719298246,0.0012012527349950662,0.6336378317144303
360,1870,64,17119,17183,15249,15313,15249,ML_TRAINING,0.5076873623452571,0.553076923076923,0.00137286026856579,0.6324567957771939
361,1878,12,17183,17195,15305,15317,15305,IO_BOUND,0.8937186147186147,0.5453846153846154,0.00025741130035608563,0.6311070404203524
362,1884,60,17195,17255,15311,15371,15311,MIXED,0.5612036771707823,0.5132786885245901,0.0012870565017804282,0.6309624237749765
363,1887,30,17255,17285,15368,15398,15368,IO_BOUND,0.8904166666666665,0.5664516129032258,0.0006435282508902141,0.6295885656439056
364,1891,10,17285,17295,15394,15404,15394,MIXED,0.472443722943723,0.6781818181818182,0.00021450941696340468,0.6289618935139434
365,1892,52,17295,17347,15403,15455,15403,CPU_BOUND,0.46112301587301585,0.6037735849056604,0.0011154489682097045,0.6287449685458797
366,1899,17,17347,17364,15448,15465,15448,IO_BOUND,0.9416230158730159,0.5711111111111111,0.00036466600883778796,0.6276603437055606
367,1906,75,17364,17439,15458,15533,15458,ML_TRAINING,0.6663571428571428,0.6126315789473684,0.0016088206272255351,0.6274193159632674
368,1908,59,17439,17498,15531,15590,15531,ML_TRAINING,0.660582550490445,0.5233333333333333,0.0012656055600840878,0.6256598134445275
369,1916,77,17498,17575,15582,15659,15582,CPU_BOUND,0.9765793650793652,0.5725641025641026,0.0016517225106182161,0.6244305719588324
370,1917,48,17575,17623,15658,15706,15658,CPU_BOUND,0.8252586857586857,0.4240816326530612,0.0010296452014243425,0.6225987611174046
371,1926,37,17623,17660,15697,15734,15697,CPU_BOUND,0.8268463203463203,0.5152631578947369,0.0007936848427645974,0.6216587529224613
372,1933,87,17660,17747,15727,15814,15727,CPU_BOUND,0.9710714285714286,0.4822727272727273,0.0018662319275816208,0.6209356696955819
373,1938,39,17747,17786,15809,15848,15809,CPU_BOUND,0.6744603174603172,0.515,0.0008365867261572784,0.6189592422087782
374,1941,34,17786,17820,15845,15879,15845,MIXED,0.7212689255189255,0.6057142857142856,0.0007293320176755759,0.618091542336523
375,1944,86,17820,17906,15876,15962,15876,CPU_BOUND,0.6255650460650461,0.6022988505747127,0.0018447809858852804,0.6173443563354142
376,1949,3,17906,17909,15957,15960,15957,IO_BOUND,0.98575,0.55,6.435282508902141e-05,0.6153920316228398
377,1953,66,17909,17975,15956,16022,15956,ML_TRAINING,0.7280577200577202,0.5529850746268656,0.001415762151958471,0.6154161343970691
378,1961,80,17975,18055,16014,16094,16014,CPU_BOUND,0.9628333333333333,0.5424691358024691,0.0017160753357072375,0.6140181734917689
379,1969,70,18055,18125,16086,16156,16086,ML_TRAINING,0.7613329725829725,0.5828169014084508,0.0015015659187438328,0.6122827737472583
380,1977,11,18125,18136,16148,16159,16148,ML_TRAINING,0.3677556887556888,0.6566666666666667,0.00023596035865974517,0.6107884017450409
381,1980,47,18136,18183,16156,16203,16156,CPU_BOUND,0.4787990620490621,0.6041666666666667,0.0010081942597280021,0.6105955795512064
382,1981,21,18183,18204,16202,16223,16202,MIXED,0.47807792207792205,0.6090909090909091,0.00045046977562314985,0.6094868519366579
383,1985,48,18204,18252,16219,16267,16219,MIXED,0.8050790043290043,0.6340816326530612,0.0010296452014243425,0.6090771047747596
384,1994,20,18252,18272,16258,16278,16258,ML_TRAINING,0.4558589466089466,0.5295238095238095,0.00042901883392680937,0.6081370965798163
385,1998,25,18272,18297,16274,16299,16274,MIXED,0.6558134920634917,0.5176923076923077,0.0005362735424085117,0.6077514521921473
386,2007,92,18297,18389,16290,16382,16290,ML_TRAINING,0.7137501329080276,0.5521505376344086,0.001973486636063323,0.6073658078044784
387,2013,92,18389,18481,16376,16468,16376,CPU_BOUND,0.9826666666666667,0.4821505376344086,0.001973486636063323,0.6052929692207574
388,2021,66,18481,18547,16460,16526,16460,CPU_BOUND,0.9502698412698412,0.4829850746268657,0.001415762151958471,0.6032683361854949
389,2028,13,18547,18560,16519,16532,16519,MIXED,0.6462293262293263,0.6142857142857143,0.0002788622420524261,0.6018462725059655
390,2033,38,18560,18598,16527,16565,16527,ML_TRAINING,0.716176690530271,0.5851282051282052,0.0008151357844609379,0.6016534503121309
391,2034,32,18598,18630,16564,16596,16564,ML_TRAINING,0.4548750742721331,0.676060606060606,0.000686430134282895,0.6007616476656463
392,2042,17,18630,18647,16588,16605,16588,IO_BOUND,0.9786587301587302,0.45111111111111113,0.00036466600883778796,0.6001831810841427
393,2047,12,18647,18659,16600,16612,16600,IO_BOUND,0.7019924242424243,0.5753846153846154,0.00025741130035608563,0.599893947793391
394,2053,64,18659,18723,16606,16670,16606,ML_TRAINING,0.7401476798055746,0.6130769230769231,0.00137286026856579,0.5997493311480151
395,2060,8,18723,18731,16663,16671,16663,IO_BOUND,1.0,0.5522222222222222,0.00017160753357072376,0.5983754730169443
396,2063,60,18731,18791,16668,16728,16668,ML_TRAINING,0.5659350035928982,0.46327868852459014,0.0012870565017804282,0.5982549591457977
397,2070,45,18791,18836,16721,16766,16721,ML_TRAINING,0.47530200355200347,0.6743478260869564,0.0009652923763353212,0.5969775121116441
398,2074,30,18836,18866,16762,16792,16762,IO_BOUND,0.8622142857142856,0.4764516129032258,0.0006435282508902141,0.5959892983682422
399,2076,13,18866,18879,16790,16803,16790,MIXED,0.6856215728715728,0.5842857142857143,0.0002788622420524261,0.5953144206898213
400,2085,57,18879,18936,16794,16851,16794,MIXED,0.5166286916987382,0.5734482758620689,0.0012227036766914068,0.5952180095929042
401,2090,94,18936,19030,16846,16940,16846,CPU_BOUND,0.9885833333333331,0.5421052631578948,0.0020163885194560043,0.5939646653329798
402,2094,83,19030,19113,16936,17019,16936,ML_TRAINING,0.7886349206349205,0.5523809523809524,0.001780428160796259,0.5917954156523415
403,2103,24,19113,19137,17010,17034,17010,IO_BOUND,0.8381309523809525,0.6579999999999999,0.0005148226007121713,0.5900118103593723
404,2108,40,19137,19177,17029,17069,17029,MIXED,0.716828898225957,0.5748780487804879,0.0008580376678536187,0.5895538576490154
405,2114,10,19177,19187,17063,17073,17063,IO_BOUND,0.7903849206349204,0.5181818181818182,0.00021450941696340468,0.5887343633252187
406,2123,63,19187,19250,17064,17127,17064,ML_TRAINING,0.8449121711621711,0.5831249999999999,0.0013514093268694495,0.5887102605509894
407,2132,14,19250,19264,17118,17132,17118,IO_BOUND,0.8639484126984126,0.5133333333333333,0.00030031318374876655,0.5874087107426065
408,2141,60,19264,19324,17123,17183,17123,CPU_BOUND,0.9408452380952381,0.5132786885245901,0.0012870565017804282,0.5872881968714598
409,2147,66,19324,19390,17177,17243,17177,ML_TRAINING,0.7972627591706539,0.46298507462686567,0.001415762151958471,0.585986647063077
410,2152,88,19390,19478,17238,17326,17238,CPU_BOUND,0.9620238095238095,0.4822471910112359,0.0018876828692779614,0.5845163778350888
411,2156,18,19478,19496,17322,17340,17322,IO_BOUND,0.7731706349206346,0.6005263157894737,0.00038611695053412845,0.5824917447998265
412,2163,50,19496,19546,17333,17383,17333,ML_TRAINING,0.7498899930478877,0.553921568627451,0.0010725470848170235,0.582226614283304
413,2164,40,19546,19586,17382,17422,17382,ML_TRAINING,0.4760773393273392,0.5848780487804879,0.0008580376678536187,0.5810455783460676
414,2169,33,19586,19619,17417,17450,17417,MIXED,0.45729870129870137,0.45588235294117646,0.0007078810759792355,0.5802019812480417
415,2173,49,19619,19668,17446,17495,17446,MIXED,0.6392863802863804,0.5740000000000001,0.001051096143120683,0.5795030007953916
416,2179,16,19668,19684,17489,17505,17489,IO_BOUND,0.8411067821067821,0.571764705882353,0.0003432150671414475,0.578466581503531
417,2185,17,19684,19701,17499,17516,17499,IO_BOUND,0.9777857142857143,0.4811111111111111,0.00036466600883778796,0.578225553761238
418,2191,25,19701,19726,17510,17535,17510,IO_BOUND,0.9322857142857142,0.5976923076923077,0.0005362735424085117,0.5779604232447155
419,2200,46,19726,19772,17526,17572,17526,MIXED,0.7804594017094015,0.6042553191489362,0.0009867433180316615,0.5775747788570464
420,2204,5,19772,19777,17568,17573,17568,MIXED,0.6342685925185926,0.6633333333333333,0.00010725470848170234,0.5765624623394152
421,2209,47,19777,19824,17568,17615,17568,MIXED,0.6007095959595959,0.5741666666666667,0.0010081942597280021,0.5765624623394152
422,2216,102,19824,19926,17608,17710,17608,ML_TRAINING,0.7806473882917849,0.6719417475728156,0.0021879960530267278,0.5755983513702427
423,2220,75,19926,20001,17706,17781,17706,CPU_BOUND,0.5620811688311688,0.4526315789473684,0.0016088206272255351,0.5732362794957699
424,2225,17,20001,20018,17776,17793,17776,IO_BOUND,0.8619682539682542,0.6011111111111112,0.00036466600883778796,0.571549085299718
425,2228,81,20018,20099,17790,17871,17790,CPU_BOUND,0.6459332611832612,0.4224390243902439,0.001737526277403578,0.5712116464605076
426,2234,80,20099,20179,17865,17945,17865,MIXED,0.6662490345911397,0.4824691358024691,0.0017160753357072375,0.569403938393309
427,2240,20,20179,20199,17939,17959,17939,IO_BOUND,0.8802936507936506,0.6295238095238096,0.00042901883392680937,0.5676203331003398
428,2248,55,20199,20254,17951,18006,17951,ML_TRAINING,0.7103435592185591,0.6735714285714285,0.0011798017932987258,0.5673310998095881
429,2250,32,20254,20286,18004,18036,18004,IO_BOUND,0.6068892496392497,0.5660606060606062,0.000686430134282895,0.5660536527754345
430,2255,66,20286,20352,18031,18097,18031,CPU_BOUND,0.6711933621933622,0.5429850746268656,0.001415762151958471,0.565402877871243
431,2260,34,20352,20386,18092,18126,18092,CPU_BOUND,0.6845241702741702,0.5757142857142857,0.0007293320176755759,0.5639326086432548
432,2264,39,20386,20425,18122,18161,18122,ML_TRAINING,0.5517320330635546,0.5549999999999999,0.0008365867261572784,0.5632095254163754
433,2268,41,20425,20466,18157,18198,18157,MIXED,0.6555867074102366,0.6647619047619047,0.0008794886095499592,0.5623659283183494
434,2274,96,20466,20562,18192,18288,18192,CPU_BOUND,0.9637857142857144,0.5120618556701031,0.002059290402848685,0.5615223312203235
435,2275,51,20562,20613,18287,18338,18287,CPU_BOUND,0.8489166666666668,0.5138461538461538,0.0010939980265133639,0.5592325676685386
436,2276,49,20613,20662,18337,18386,18337,MIXED,0.526685085747586,0.6339999999999999,0.001051096143120683,0.558027428957073
437,2285,93,20662,20755,18377,18470,18377,CPU_BOUND,0.9627738095238095,0.48212765957446807,0.0019949375777596635,0.5570633179879004
438,2288,51,20755,20806,18467,18518,18467,ML_TRAINING,0.8101962481962482,0.46384615384615385,0.0010939980265133639,0.5548940683072622
439,2289,77,20806,20883,18517,18594,18517,MIXED,0.6056746031746032,0.6025641025641025,0.0016517225106182161,0.5536889295957965
440,2292,48,20883,20931,18591,18639,18591,CPU_BOUND,0.8395155122655121,0.5740816326530612,0.0010296452014243425,0.5519053243028272
441,2299,64,20931,20995,18632,18696,18632,CPU_BOUND,0.8767499999999999,0.5130769230769231,0.00137286026856579,0.5509171105594254
442,2304,17,20995,21012,18691,18708,18691,ML_TRAINING,0.7001946941946942,0.5011111111111111,0.00036466600883778796,0.5494950468798958
443,2307,43,21012,21055,18705,18748,18705,IO_BOUND,0.5611908369408369,0.6545454545454545,0.0009223904929426402,0.5491576080406855
444,2313,40,21055,21095,18742,18782,18742,IO_BOUND,0.5468401875901876,0.4448780487804878,0.0008580376678536187,0.5482658053942009
445,2314,74,21095,21169,18781,18855,18781,ML_TRAINING,0.7788497613497615,0.5226666666666666,0.0015873696855291948,0.5473257971992576
446,2321,86,21169,21255,18848,18934,18848,ML_TRAINING,0.8299058441558439,0.7022988505747126,0.0018447809858852804,0.5457109113258936
447,2324,47,21255,21302,18931,18978,18931,ML_TRAINING,0.8641901154401154,0.6741666666666666,0.0010081942597280021,0.5437103810648606
448,2325,20,21302,21322,18977,18997,18977,MIXED,0.6223777056277057,0.4595238095238095,0.00042901883392680937,0.5426016534503122
449,2332,25,21322,21347,18990,19015,18990,IO_BOUND,0.604333694083694,0.5076923076923077,0.0005362735424085117,0.542288317385331
450,2335,63,21347,21410,19012,19075,19012,CPU_BOUND,0.9673961038961038,0.513125,0.0013514093268694495,0.5417580563522861
451,2343,89,21410,21499,19067,19156,19067,MIXED,0.4950800865800865,0.4522222222222222,0.0019091338109743017,0.5404324037696739
452,2350,20,21499,21519,19149,19169,19149,MIXED,0.6376036887089518,0.48952380952380947,0.00042901883392680937,0.5384559762828702
453,2357,8,21519,21527,19162,19170,19162,IO_BOUND,1.0,0.6122222222222222,0.00017160753357072376,0.538142640217889
454,2361,35,21527,21562,19166,19201,19166,ML_TRAINING,0.5228106072671291,0.5555555555555556,0.0007507829593719164,0.5380462291209718
455,2363,68,21562,21630,19199,19267,19199,CPU_BOUND,0.9600793650793652,0.48289855072463767,0.0014586640353511518,0.5372508375714045
456,2372,18,21630,21648,19258,19276,19258,IO_BOUND,0.8870591630591632,0.5705263157894738,0.00038611695053412845,0.535828773891875
457,2376,73,21648,21721,19272,19345,19272,CPU_BOUND,0.5575811688311687,0.4527027027027027,0.0015659187438328542,0.5354913350526646
458,2382,18,21721,21739,19339,19357,19339,IO_BOUND,1.0,0.6005263157894737,0.00038611695053412845,0.5338764491793005
459,2387,75,21739,21814,19352,19427,19352,CPU_BOUND,0.8930039682539683,0.6326315789473684,0.0016088206272255351,0.5335631131143195
460,2390,72,21814,21886,19424,19496,19424,CPU_BOUND,0.5069859307359308,0.5727397260273972,0.0015444678021365138,0.5318277133698088
461,2391,72,21886,21958,19495,19567,19495,CPU_BOUND,0.819952380952381,0.5727397260273972,0.0015444678021365138,0.5301164163995276
462,2396,14,21958,21972,19562,19576,19562,IO_BOUND,0.6413690476190476,0.5733333333333333,0.00030031318374876655,0.5285015305261636
463,2399,40,21972,22012,19573,19613,19573,ML_TRAINING,0.40785450781102944,0.5548780487804879,0.0008580376678536187,0.5282364000096411
464,2403,53,22012,22065,19609,19662,19609,MIXED,0.6425116501145912,0.5737037037037036,0.0011368999099060449,0.5273687001373858
465,2405,65,22065,22130,19660,19725,19660,ML_TRAINING,0.7618406602975566,0.613030303030303,0.0013943112102621305,0.5261394586516908
466,2412,17,22130,22147,19718,19735,19718,IO_BOUND,0.9039801587301585,0.6911111111111112,0.00036466600883778796,0.5247414977463907
467,2418,67,22147,22214,19729,19796,19729,CPU_BOUND,0.9005277777777779,0.6029411764705882,0.0014372130936548115,0.5244763672298682
468,2425,30,22214,22244,19789,19819,19789,ML_TRAINING,0.3688253968253969,0.5564516129032258,0.0006435282508902141,0.5230302007761094
469,2428,62,22244,22306,19816,19878,19816,CPU_BOUND,0.6861190476190479,0.6031746031746031,0.0013299583851731091,0.5223794258719179
470,2432,47,22306,22353,19874,19921,19874,ML_TRAINING,0.8394409540445344,0.5541666666666667,0.0010081942597280021,0.5209814649666177
471,2435,67,22353,22420,19918,19985,19918,CPU_BOUND,0.9403650793650794,0.5129411764705882,0.0014372130936548115,0.5199209429005278
472,2443,58,22420,22478,19977,20035,19977,ML_TRAINING,0.6988955846784792,0.5833898305084746,0.0012441546183877472,0.5184988792209984
473,2452,84,22478,22562,20026,20110,20026,CPU_BOUND,0.9800714285714287,0.4823529411764706,0.0018018791024925994,0.517317843283762
474,2455,67,22562,22629,20107,20174,20107,ML_TRAINING,0.6607613775113776,0.5229411764705882,0.0014372130936548115,0.5153655185711876
475,2456,23,22629,22652,20173,20196,20173,IO_BOUND,0.9869401154401154,0.47833333333333333,0.0004933716590158308,0.5137747354720528
476,2463,67,22652,22719,20189,20256,20189,ML_TRAINING,0.820436376123876,0.6729411764705882,0.0014372130936548115,0.5133890910843838
477,2472,82,22719,22801,20247,20329,20247,CPU_BOUND,0.9581746031746031,0.6924096385542169,0.0017589772190999184,0.5119911301790836
478,2479,40,22801,22841,20322,20362,20322,MIXED,0.6284157509157509,0.5448780487804878,0.0008580376678536187,0.510183422111885
479,2480,65,22841,22906,20361,20426,20361,ML_TRAINING,0.8357237554112552,0.6730303030303031,0.0013943112102621305,0.5092434139169418
480,2487,3,22906,22909,20419,20422,20419,IO_BOUND,0.9649761904761907,0.6399999999999999,6.435282508902141e-05,0.5078454530116416
481,2495,71,22909,22980,20414,20485,20414,MIXED,0.4401471861471864,0.6627777777777777,0.0015230168604401734,0.5079659668827883
482,2502,9,22980,22989,20478,20487,20478,IO_BOUND,0.867718253968254,0.52,0.00019305847526706422,0.5064233893321122
483,2504,16,22989,23005,20485,20501,20485,IO_BOUND,0.8680079365079366,0.661764705882353,0.0003432150671414475,0.506254669912507
484,2513,27,23005,23032,20492,20519,20492,MIXED,0.7613543841779133,0.7271428571428571,0.0005791754258011927,0.5060859504929017
485,2520,55,23032,23087,20512,20567,20512,ML_TRAINING,0.7074970436769971,0.5535714285714286,0.0011798017932987258,0.5056038950083155
486,2529,34,23087,23121,20558,20592,20558,ML_TRAINING,0.6416758241758242,0.5857142857142856,0.0007293320176755759,0.504495167393767
487,2536,52,23121,23173,20585,20637,20585,CPU_BOUND,0.8498214285714285,0.6037735849056604,0.0011154489682097045,0.5038443924895756
488,2545,41,23173,23214,20628,20669,20628,CPU_BOUND,0.6627103174603174,0.5747619047619048,0.0008794886095499592,0.5028079731977151
489,2548,22,23214,23236,20666,20688,20666,ML_TRAINING,0.48159791524265194,0.558695652173913,0.00047192071731949034,0.5018920677770011
490,2556,47,23236,23283,20680,20727,20680,MIXED,0.5458800366300367,0.6641666666666666,0.0010081942597280021,0.5015546289377908
491,2562,10,23283,23293,20721,20731,20721,IO_BOUND,0.9796428571428573,0.5181818181818182,0.00021450941696340468,0.5005664151943889
492,2571,12,23293,23305,20722,20734,20722,MIXED,0.38295185370185364,0.6453846153846154,0.00025741130035608563,0.5005423124201596
493,2575,49,23305,23354,20730,20779,20730,CPU_BOUND,0.7524260461760461,0.604,0.001051096143120683,0.500349490226325
494,2577,75,23354,23429,20777,20852,20777,CPU_BOUND,0.9867261904761905,0.4826315789473684,0.0016088206272255351,0.49921665983754726
495,2586,14,23429,23443,20843,20857,20843,IO_BOUND,0.8518690476190476,0.5733333333333333,0.00030031318374876655,0.49762587673841263
496,2592,12,23443,23455,20851,20863,20851,IO_BOUND,0.9236623376623376,0.5753846153846154,0.00025741130035608563,0.4974330545445781
497,2599,13,23455,23468,20856,20869,20856,MIXED,0.3166926406926407,0.5842857142857143,0.0002788622420524261,0.49731254067343156
498,2606,73,23468,23541,20862,20935,20862,CPU_BOUND,0.8057604617604617,0.4827027027027027,0.0015659187438328542,0.49716792402805565
499,2611,44,23541,23585,20930,20974,20930,ML_TRAINING,0.42186630036630035,0.5844444444444444,0.0009438414346389807,0.4955289353804623
500,2615,57,23585,23642,20970,21027,20970,ML_TRAINING,0.5950234487734487,0.613448275862069,0.0012227036766914068,0.4945648244112898
501,2618,41,23642,23683,21024,21065,21024,MIXED,0.6372777361527361,0.5147619047619048,0.0008794886095499592,0.49326327460290675
502,2626,43,23683,23726,21057,21100,21057,MIXED,0.6016486846486847,0.5145454545454545,0.0009223904929426402,0.49246788305333944
503,2633,22,23726,23748,21093,21115,21093,IO_BOUND,0.9698528138528136,0.568695652173913,0.00047192071731949034,0.4916001831810841
504,2642,64,23748,23812,21106,21170,21106,ML_TRAINING,0.681653318903319,0.523076923076923,0.00137286026856579,0.49128684711610304
505,2644,43,23812,23855,21168,21211,21168,MIXED,0.7053208507179094,0.5445454545454546,0.0009223904929426402,0.4897924751138856
506,2650,77,23855,23932,21205,21282,21205,CPU_BOUND,0.9657936507936508,0.6025641025641025,0.0016517225106182161,0.488900672467401
507,2653,51,23932,23983,21279,21330,21279,ML_TRAINING,0.5615731848560795,0.6138461538461538,0.0010939980265133639,0.4871170671744318
508,2658,48,23983,24031,21325,21373,21325,CPU_BOUND,0.576410173160173,0.6040816326530611,0.0010296452014243425,0.4860083395598833
509,2659,84,24031,24115,21372,21456,21372,ML_TRAINING,0.8373189935064934,0.6723529411764706,0.0018018791024925994,0.48487550917110556
510,2660,65,24115,24180,21455,21520,21455,ML_TRAINING,0.4717609612609612,0.6430303030303031,0.0013943112102621305,0.4828749789100726
511,2662,65,24180,24245,21518,21583,21518,MIXED,0.6599915084915083,0.573030303030303,0.0013943112102621305,0.48135650413362574
512,2670,21,24245,24266,21575,21596,21575,IO_BOUND,0.9932142857142857,0.4490909090909091,0.00045046977562314985,0.4799826460025549
513,2672,52,24266,24318,21594,21646,21594,ML_TRAINING,0.5200238095238096,0.5537735849056604,0.0011154489682097045,0.47952469329219793
514,2677,10,24318,24328,21641,21651,21641,ML_TRAINING,0.6642673160173159,0.47818181818181815,0.00021450941696340468,0.4783918629034202
515,2682,72,24328,24400,21646,21718,21646,CPU_BOUND,0.987,0.6327397260273973,0.0015444678021365138,0.47827134903227364
516,2683,79,24400,24479,21717,21796,21717,CPU_BOUND,1.0,0.5725,0.001694624394010897,0.47656005206199237
517,2692,10,24479,24489,21787,21797,21787,IO_BOUND,0.9867261904761905,0.6381818181818182,0.00021450941696340468,0.47487285786594036
518,2698,43,24489,24532,21791,21834,21791,MIXED,0.7811105169340462,0.6345454545454545,0.0009223904929426402,0.4747764467690231
519,2699,56,24532,24588,21833,21889,21833,CPU_BOUND,0.8151984126984126,0.6335087719298246,0.0012012527349950662,0.47376413025139197
520,2708,79,24588,24667,21880,21959,21880,CPU_BOUND,0.9668571428571429,0.5125,0.001694624394010897,0.4726312998626142
521,2710,69,24667,24736,21957,22026,21957,MIXED,0.47581161403955535,0.5728571428571428,0.0014801149770474924,0.47077538624695703
522,2712,38,24736,24774,22024,22062,22024,IO_BOUND,0.40758080808080804,0.5951282051282052,0.0008151357844609379,0.469160500373593
523,2719,38,24774,24812,22055,22093,22055,ML_TRAINING,0.6648383614616787,0.5251282051282051,0.0008151357844609379,0.46841331437248424
524,2722,84,24812,24896,22090,22174,22090,ML_TRAINING,0.7337391438970385,0.49235294117647055,0.0018018791024925994,0.4675697172744583
525,2731,41,24896,24937,22165,22206,22165,CPU_BOUND,0.5282135642135642,0.5447619047619048,0.0008794886095499592,0.46576200920725974
526,2740,27,24937,24964,22197,22224,22197,IO_BOUND,0.9806984126984125,0.5071428571428571,0.0005791754258011927,0.4649907204319217
527,2741,29,24964,24993,22223,22252,22223,IO_BOUND,0.8836666666666667,0.5666666666666667,0.0006220773091938736,0.46436404830195954
528,2746,41,24993,25034,22247,22288,22247,CPU_BOUND,0.7108849206349207,0.5447619047619048,0.0008794886095499592,0.46378558172045603
529,2747,53,25034,25087,22287,22340,22287,CPU_BOUND,0.9352380952380953,0.6037037037037036,0.0011368999099060449,0.46282147075128344
530,2754,10,25087,25097,22333,22343,22333,ML_TRAINING,0.521537407037407,0.5081818181818182,0.00021450941696340468,0.46171274313673505
531,2760,33,25097,25130,22337,22370,22337,MIXED,0.5523140331890329,0.6658823529411764,0.0007078810759792355,0.4616163320398178
532,2766,46,25130,25176,22364,22410,22364,ML_TRAINING,0.6141691184632361,0.6142553191489362,0.0009867433180316615,0.46096555713562626
533,2770,47,25176,25223,22406,22453,22406,ML_TRAINING,0.6430376567876567,0.5841666666666667,0.0010081942597280021,0.45995324061799514
534,2773,47,25223,25270,22450,22497,22450,MIXED,0.6814776322711106,0.6041666666666667,0.0010081942597280021,0.4588927185519053
535,2780,61,25270,25331,22490,22551,22490,ML_TRAINING,0.7630479242979241,0.6732258064516129,0.0013085074434767685,0.4579286075827328
536,2784,65,25331,25396,22547,22612,22547,ML_TRAINING,0.6678968253968257,0.583030303030303,0.0013943112102621305,0.45655474945166186
537,2787,82,25396,25478,22609,22691,22609,ML_TRAINING,0.5664282106782106,0.5524096385542169,0.0017589772190999184,0.4550603774494444
538,2789,74,25478,25552,22689,22763,22689,CPU_BOUND,0.9070389610389609,0.5726666666666667,0.0015873696855291948,0.4531321555110993
539,2798,6,25552,25558,22754,22760,22754,IO_BOUND,0.9894166666666666,0.5585714285714285,0.00012870565017804282,0.45156547518619394
540,2806,40,25558,25598,22752,22792,22752,CPU_BOUND,0.7453769841269839,0.5448780487804878,0.0008580376678536187,0.4516136807346526
541,2814,66,25598,25664,22784,22850,22784,ML_TRAINING,0.8037854922854919,0.6429850746268657,0.001415762151958471,0.4508423919593145
542,2822,46,25664,25710,22842,22888,22842,MIXED,0.5400151515151514,0.6042553191489362,0.0009867433180316615,0.4494444310540143
543,2823,113,25710,25823,22887,23000,22887,CPU_BOUND,0.9643333333333334,0.5417543859649123,0.0024239564116864732,0.4483598062136952
544,2828,5,25823,25828,22995,23000,22995,MIXED,0.45450793650793647,0.5133333333333333,0.00010725470848170234,0.44575670659692934
545,2833,7,25828,25835,22995,23002,22995,IO_BOUND,0.6980310245310245,0.645,0.00015015659187438328,0.44575670659692934
546,2836,24,25835,25859,22999,23023,22999,IO_BOUND,0.7378055555555554,0.5680000000000001,0.0005148226007121713,0.44566029550001207
547,2842,54,25859,25913,23017,23071,23017,CPU_BOUND,0.9574166666666667,0.6636363636363637,0.0011583508516023854,0.44522644556388435
548,2848,37,25913,25950,23065,23102,23065,MIXED,0.699533582430641,0.6952631578947368,0.0007936848427645974,0.44406951240087733
549,2855,13,25950,25963,23095,23108,23095,IO_BOUND,0.9937142857142857,0.4542857142857143,0.0002788622420524261,0.4433464291739979
550,2857,71,25963,26034,23106,23177,23106,ML_TRAINING,0.423738906926407,0.6427777777777777,0.0015230168604401734,0.4430812986574755
551,2865,29,26034,26063,23169,23198,23169,IO_BOUND,0.9694761904761904,0.4766666666666667,0.0006220773091938736,0.44156282388102874
552,2866,30,26063,26093,23197,23227,23197,ML_TRAINING,0.7413511500576717,0.5264516129032257,0.0006435282508902141,0.44088794620260796
553,2869,82,26093,26175,23224,23306,23224,MIXED,0.6334135219237306,0.6024096385542168,0.0017589772190999184,0.44023717129841644
554,2875,40,26175,26215,23300,23340,23300,CPU_BOUND,0.5099065656565657,0.6048780487804878,0.0008580376678536187,0.43840536045698864
555,2883,81,26215,26296,23332,23413,23332,ML_TRAINING,0.8398437950937949,0.582439024390244,0.001737526277403578,0.4376340716816506
556,2888,16,26296,26312,23408,23424,23408,IO_BOUND,1.0,0.5117647058823529,0.0003432150671414475,0.43580226084022267
557,2893,67,26312,26379,23419,23486,23419,CPU_BOUND,0.8874040404040403,0.5729411764705883,0.0014372130936548115,0.43553713032370023
558,2896,68,26379,26447,23483,23551,23483,CPU_BOUND,0.9595158730158729,0.5728985507246377,0.0014586640353511518,0.4339945527730241
559,2903,31,26447,26478,23544,23575,23544,MIXED,0.7404654952890246,0.69625,0.0006649791925865546,0.432524283545036
560,2905,69,26478,26547,23573,23642,23573,MIXED,0.7406147186147187,0.5728571428571428,0.0014801149770474924,0.431825303092386
561,2907,33,26547,26580,23640,23673,23640,MIXED,0.6627568265068265,0.5458823529411765,0.0007078810759792355,0.43021041721902187
562,2912,38,26580,26618,23668,23706,23668,CPU_BOUND,0.7345804473304475,0.4851282051282051,0.0008151357844609379,0.4295355395406011
563,2918,78,26618,26696,23700,23778,23700,CPU_BOUND,0.9726666666666668,0.6025316455696202,0.0016731734523145567,0.42876425076526303
564,2924,47,26696,26743,23772,23819,23772,CPU_BOUND,0.8179300144300143,0.5141666666666667,0.0010081942597280021,0.4270288510207525
565,2930,34,26743,26777,23813,23847,23813,IO_BOUND,0.8601111111111109,0.5657142857142857,0.0007293320176755759,0.42604063727735064
566,2935,53,26777,26830,23842,23895,23842,MIXED,0.6489821428571428,0.5737037037037036,0.0011368999099060449,0.4253416568247005
567,2944,29,26830,26859,23886,23915,23886,IO_BOUND,0.9224761904761904,0.5366666666666666,0.0006220773091938736,0.42428113475861073
568,2953,29,26859,26888,23906,23935,23906,IO_BOUND,0.9553571428571428,0.4766666666666667,0.0006220773091938736,0.4237990792740245
569,2955,78,26888,26966,23933,24011,23933,ML_TRAINING,0.7744213564213563,0.6725316455696202,0.0016731734523145567,0.423148304369833
570,2960,3,26966,26969,24006,24009,24006,IO_BOUND,0.9770367965367965,0.6699999999999999,6.435282508902141e-05,0.42138880185109306
571,2968,29,26969,26998,24001,24030,24001,IO_BOUND,0.9444523809523808,0.5366666666666666,0.0006220773091938736,0.4215093157222396
572,2969,37,26998,27035,24029,24066,24029,ML_TRAINING,0.5492631535131536,0.5852631578947368,0.0007936848427645974,0.4208344380438188
573,2975,10,27035,27045,24060,24070,24060,IO_BOUND,0.9237063492063491,0.5181818181818182,0.00021450941696340468,0.42008725204271014
574,2977,44,27045,27089,24068,24112,24068,MIXED,0.7226457431457431,0.5444444444444444,0.0009438414346389807,0.4198944298488756
575,2985,49,27089,27138,24104,24153,24104,ML_TRAINING,0.9001740759240758,0.5840000000000001,0.001051096143120683,0.41902672997662027
576,2989,28,27138,27166,24149,24177,24149,CPU_BOUND,0.3708679278238101,0.516896551724138,0.0006006263674975331,0.41794210513630115
577,2996,78,27166,27244,24170,24248,24170,CPU_BOUND,0.9442936507936508,0.5425316455696203,0.0016731734523145567,0.41743594687748564
578,3001,91,27244,27335,24243,24334,24243,ML_TRAINING,0.7197141411220356,0.46217391304347827,0.0019520356943669827,0.41567644435874573
579,3008,14,27335,27349,24327,24341,24327,IO_BOUND,0.8841248196248196,0.6933333333333334,0.00030031318374876655,0.4136518113234834
580,3013,30,27349,27379,24336,24366,24336,CPU_BOUND,0.4682536075036077,0.5164516129032257,0.0006435282508902141,0.4134348863554195
581,3018,15,27379,27394,24361,24376,24361,IO_BOUND,1.0,0.5725,0.00032176412544510704,0.4128323169996867
582,3024,65,27394,27459,24370,24435,24370,ML_TRAINING,0.6020768398268398,0.6430303030303031,0.0013943112102621305,0.4126153920316228
583,3027,23,27459,27482,24432,24455,24432,IO_BOUND,0.9790000000000001,0.47833333333333333,0.0004933716590158308,0.4111210200294054
584,3033,10,27482,27492,24449,24459,24449,IO_BOUND,1.0,0.5781818181818181,0.00021450941696340468,0.4107112728675071
585,3035,49,27492,27541,24457,24506,24457,MIXED,0.7271626984126985,0.544,0.001051096143120683,0.41051845067367254
586,3037,111,27541,27652,24504,24615,24504,CPU_BOUND,0.9941666666666665,0.5117857142857143,0.002381054528293792,0.4093856202848948
587,3038,56,27652,27708,24614,24670,24614,CPU_BOUND,0.9279444444444443,0.6035087719298246,0.0012012527349950662,0.4067343151196703
588,3045,68,27708,27776,24663,24731,24663,CPU_BOUND,0.9038928571428572,0.5428985507246377,0.0014586640353511518,0.4055532791824339
589,3053,59,27776,27835,24723,24782,24723,CPU_BOUND,0.9521190476190476,0.5433333333333333,0.0012656055600840878,0.40410711272867506
590,3061,16,27835,27851,24774,24790,24774,CPU_BOUND,0.3507460317460317,0.581764705882353,0.0003432150671414475,0.40287787124298
591,3065,62,27851,27913,24786,24848,24786,CPU_BOUND,0.9387056277056276,0.6031746031746031,0.0013299583851731091,0.4025886379522283
592,3067,52,27913,27965,24846,24898,24846,MIXED,0.6418570873570871,0.6637735849056603,0.0011154489682097045,0.4011424714984695
593,3074,55,27965,28020,24891,24946,24891,CPU_BOUND,0.9598809523809524,0.5735714285714286,0.0011798017932987258,0.40005784665815036
594,3076,27,28020,28047,24944,24971,24944,IO_BOUND,0.9752500000000001,0.5371428571428571,0.0005791754258011927,0.3987803996239967
595,3078,26,28047,28073,24969,24995,24969,ML_TRAINING,0.6284856532356532,0.5274074074074073,0.0005577244841048522,0.3981778302682639
596,3083,27,28073,28100,24990,25017,24990,IO_BOUND,0.9740000000000001,0.47714285714285715,0.0005791754258011927,0.3976716720094483
597,3091,35,28100,28135,25009,25044,25009,MIXED,0.695008291404336,0.6655555555555555,0.0007507829593719164,0.39721371929909133
598,3097,21,28135,28156,25038,25059,25038,CPU_BOUND,0.5473196248196249,0.5490909090909091,0.00045046977562314985,0.3965147388464412
599,3105,82,28156,28238,25051,25133,25051,CPU_BOUND,0.998,0.5724096385542168,0.0017589772190999184,0.3962014027814601
600,3108,62,28238,28300,25130,25192,25130,CPU_BOUND,0.8431479353979353,0.4231746031746032,0.0013299583851731091,0.3942972836173444
601,3115,63,28300,28363,25185,25248,25185,CPU_BOUND,0.7519682539682541,0.483125,0.0013514093268694495,0.3929716310347321
602,3124,42,28363,28405,25239,25281,25239,CPU_BOUND,0.8862651792651793,0.4246511627906977,0.0009009395512462997,0.39167008122634916
603,3128,50,28405,28455,25277,25327,25277,CPU_BOUND,0.9270714285714284,0.513921568627451,0.0010725470848170235,0.3907541758056352
604,3133,59,28455,28514,25322,25381,25322,CPU_BOUND,0.9290714285714284,0.6333333333333333,0.0012656055600840878,0.3896695509653161
605,3141,68,28514,28582,25373,25441,25373,CPU_BOUND,0.7686089466089463,0.48289855072463767,0.0014586640353511518,0.38844030947962116
606,3142,23,28582,28605,25440,25463,25440,IO_BOUND,0.9966666666666666,0.5383333333333333,0.0004933716590158308,0.38682542360625705
607,3148,73,28605,28678,25457,25530,25457,CPU_BOUND,0.99375,0.5427027027027027,0.0015659187438328542,0.3864156764443587
608,3156,7,28678,28685,25522,25529,25522,IO_BOUND,0.9730000000000001,0.5549999999999999,0.00015015659187438328,0.38484899611945333
609,3162,23,28685,28708,25523,25546,25523,IO_BOUND,0.8776230158730159,0.6283333333333334,0.0004933716590158308,0.3848248933452241
610,3166,87,28708,28795,25542,25629,25542,MIXED,0.46965818903318907,0.5122727272727272,0.0018662319275816208,0.3843669406348671
611,3170,58,28795,28853,25625,25683,25625,CPU_BOUND,0.9591190476190476,0.5433898305084746,0.0012441546183877472,0.382366410373834
612,3176,59,28853,28912,25677,25736,25677,ML_TRAINING,0.8331216630591629,0.6733333333333333,0.0012656055600840878,0.3811130661139097
613,3177,59,28912,28971,25735,25794,25735,MIXED,0.6273015873015872,0.6033333333333333,0.0012656055600840878,0.3797151052086095
614,3183,54,28971,29025,25788,25842,25788,CPU_BOUND,0.9147380952380952,0.4536363636363636,0.0011583508516023854,0.37843765817445585
615,3189,52,29025,29077,25836,25888,25836,ML_TRAINING,0.678620623528518,0.5537735849056604,0.0011154489682097045,0.3772807250114488
616,3196,31,29077,29108,25881,25912,25881,ML_TRAINING,0.5330381562881564,0.5562499999999999,0.0006649791925865546,0.3761961001711297
617,3200,57,29108,29165,25908,25965,25908,CPU_BOUND,0.7311580086580086,0.453448275862069,0.0012227036766914068,0.3755453252669382
618,3204,36,29165,29201,25961,25997,25961,CPU_BOUND,0.927436507936508,0.5154054054054054,0.0007722339010682569,0.3742678782327846
619,3210,26,29201,29227,25991,26017,25991,ML_TRAINING,0.4549266011766013,0.5274074074074073,0.0005577244841048522,0.3735447950059052
620,3211,53,29227,29280,26016,26069,26016,MIXED,0.6329045700912495,0.5737037037037036,0.0011368999099060449,0.3729422256501723
621,3215,69,29280,29349,26065,26134,26065,CPU_BOUND,0.9652777777777779,0.5728571428571428,0.0014801149770474924,0.3717611897129359
622,3223,70,29349,29419,26126,26196,26126,CPU_BOUND,0.9338015873015874,0.4828169014084507,0.0015015659187438328,0.3702909204849478
623,3229,3,29419,29422,26190,26193,26190,IO_BOUND,0.9775595238095236,0.6699999999999999,6.435282508902141e-05,0.3687483429342717
624,3237,19,29422,29441,26185,26204,26185,IO_BOUND,0.985952380952381,0.5700000000000001,0.00040756789223046893,0.36886885680541825
625,3244,52,29441,29493,26197,26249,26197,MIXED,0.7909013715043129,0.5737735849056604,0.0011154489682097045,0.36857962351466655
626,3251,11,29493,29504,26242,26253,26242,IO_BOUND,0.9675238095238096,0.5166666666666666,0.00023596035865974517,0.36749499867434743
627,3257,24,29504,29528,26247,26271,26247,IO_BOUND,0.9806666666666666,0.5680000000000001,0.0005148226007121713,0.3673744848032009
628,3258,32,29528,29560,26270,26302,26270,MIXED,0.670400072150072,0.576060606060606,0.000686430134282895,0.36682012099592665
629,3264,30,29560,29590,26296,26326,26296,CPU_BOUND,0.6979801587301588,0.5464516129032257,0.0006435282508902141,0.3661934488659645
630,3266,48,29590,29638,26324,26372,26324,CPU_BOUND,0.8521323953823955,0.5440816326530612,0.0010296452014243425,0.3655185711875437
631,3273,23,29638,29661,26365,26388,26365,MIXED,0.4896041083099905,0.6383333333333333,0.0004933716590158308,0.36453035744414186
632,3280,22,29661,29683,26381,26403,26381,ML_TRAINING,0.5066404151404151,0.5886956521739131,0.00047192071731949034,0.3641447130564728
633,3282,17,29683,29700,26401,26418,26401,IO_BOUND,0.5734992784992786,0.5411111111111111,0.00036466600883778796,0.36366265757188654
634,3285,5,29700,29705,26415,26420,26415,IO_BOUND,0.7968730158730157,0.5333333333333333,0.00010725470848170234,0.3633252187326761
635,3287,88,29705,29793,26418,26506,26418,CPU_BOUND,0.8346105006105007,0.512247191011236,0.0018876828692779614,0.3632529104099882
636,3290,17,29793,29810,26503,26520,26503,IO_BOUND,0.9532103174603175,0.6611111111111112,0.00036466600883778796,0.3612041746004965
637,3296,20,29810,29830,26514,26534,26514,IO_BOUND,0.9320432900432898,0.5395238095238095,0.00042901883392680937,0.36093904408397404
638,3301,25,29830,29855,26529,26554,26529,CPU_BOUND,0.43318109668109656,0.4876923076923077,0.0005362735424085117,0.36057750247053433
639,3302,64,29855,29919,26553,26617,26553,CPU_BOUND,0.9548571428571428,0.6930769230769231,0.00137286026856579,0.3599990358890308
640,3308,18,29919,29937,26611,26629,26611,IO_BOUND,0.9904166666666667,0.6605263157894736,0.00038611695053412845,0.3586010749837306
641,3317,110,29937,30047,26620,26730,26620,CPU_BOUND,0.9289069264069265,0.5718018018018018,0.0023596035865974517,0.3583841500156668
642,3323,21,30047,30068,26724,26745,26724,IO_BOUND,0.9812813852813852,0.5390909090909091,0.00045046977562314985,0.3558774614958181
643,3329,66,30068,30134,26739,26805,26739,CPU_BOUND,0.9676666666666667,0.6029850746268657,0.001415762151958471,0.3555159198823785
644,3337,3,30134,30137,26797,26800,26797,IO_BOUND,1.0,0.5800000000000001,6.435282508902141e-05,0.3541179589770782
645,3345,80,30137,30217,26792,26872,26792,CPU_BOUND,0.9722222222222221,0.6024691358024692,0.0017160753357072375,0.35423847284822485
646,3346,65,30217,30282,26871,26936,26871,ML_TRAINING,0.8326408036408038,0.49303030303030304,0.0013943112102621305,0.35233435368410904
647,3352,81,30282,30363,26930,27011,26930,ML_TRAINING,0.6243419577498525,0.6124390243902439,0.001737526277403578,0.3509122900045796
648,3356,52,30363,30415,27007,27059,27007,CPU_BOUND,0.6239722222222222,0.5737735849056604,0.0011154489682097045,0.3490563763889224
649,3363,44,30415,30459,27052,27096,27052,ML_TRAINING,0.6980893562958781,0.5544444444444445,0.0009438414346389807,0.34797175154860327
650,3366,14,30459,30473,27093,27107,27093,IO_BOUND,0.9975,0.5433333333333333,0.00030031318374876655,0.3469835378052014
651,3375,83,30473,30556,27098,27181,27098,CPU_BOUND,0.9821904761904762,0.5423809523809524,0.001780428160796259,0.34686302393405477
652,3382,69,30556,30625,27174,27243,27174,MIXED,0.5058242403021815,0.6028571428571428,0.0014801149770474924,0.34503121309262696
653,3386,57,30625,30682,27239,27296,27239,MIXED,0.6304623015873015,0.5434482758620689,0.0012227036766914068,0.3434645327677216
654,3392,25,30682,30707,27290,27315,27290,IO_BOUND,0.6824603174603173,0.7176923076923076,0.0005362735424085117,0.34223529128202657
655,3397,6,30707,30713,27310,27316,27310,IO_BOUND,0.8163037518037517,0.7085714285714286,0.00012870565017804282,0.3417532357974403
656,3404,72,30713,30785,27309,27381,27309,CPU_BOUND,0.9199166666666667,0.5427397260273972,0.0015444678021365138,0.3417773385716696
657,3405,74,30785,30859,27380,27454,27380,CPU_BOUND,0.9920833333333333,0.5426666666666666,0.0015873696855291948,0.3400660416013883
658,3410,14,30859,30873,27449,27463,27449,IO_BOUND,0.7988650793650792,0.5733333333333333,0.00030031318374876655,0.3384029501795657
659,3413,26,30873,30899,27460,27486,27460,MIXED,0.5624799284822505,0.5474074074074073,0.0005577244841048522,0.33813781966304324
660,3415,89,30899,30988,27484,27573,27484,MIXED,0.5451647509578543,0.6322222222222222,0.0019091338109743017,0.3375593530815397
661,3421,32,30988,31020,27567,27599,27567,MIXED,0.4336818181818182,0.636060606060606,0.000686430134282895,0.33555882282050664
662,3424,29,31020,31049,27596,27625,27596,ML_TRAINING,0.7429427288397876,0.5566666666666666,0.0006220773091938736,0.3348598423678565
663,3428,30,31049,31079,27621,27651,27621,MIXED,0.541462903109962,0.5764516129032258,0.0006435282508902141,0.3342572730121237
664,3433,80,31079,31159,27646,27726,27646,CPU_BOUND,0.9475833333333332,0.5124691358024691,0.0017160753357072375,0.3336547036563908
665,3442,57,31159,31216,27717,27774,27717,CPU_BOUND,0.833,0.663448275862069,0.0012227036766914068,0.33194340668610955
666,3449,67,31216,31283,27767,27834,27767,CPU_BOUND,0.9934999999999999,0.5429411764705883,0.0014372130936548115,0.3307382679746439
667,3451,61,31283,31344,27832,27893,27832,CPU_BOUND,0.8612698412698411,0.5432258064516129,0.0013085074434767685,0.32917158764973853
668,3457,94,31344,31438,27887,27981,27887,CPU_BOUND,0.8500555555555553,0.5121052631578947,0.0020163885194560043,0.3278459350671262
669,3465,89,31438,31527,27973,28062,27973,CPU_BOUND,0.9317402597402596,0.6622222222222223,0.0019091338109743017,0.32577309648340524
670,3472,38,31527,31565,28055,28093,28055,CPU_BOUND,0.8054025974025975,0.6051282051282052,0.0008151357844609379,0.32379666899660153
671,3474,46,31565,31611,28091,28137,28091,CPU_BOUND,0.7286897546897546,0.6042553191489362,0.0009867433180316615,0.3229289691243462
672,3482,83,31611,31694,28129,28212,28129,ML_TRAINING,0.7481148573648572,0.7023809523809523,0.001780428160796259,0.32201306370363225
673,3485,60,31694,31754,28209,28269,28209,CPU_BOUND,0.9525476190476191,0.6632786885245903,0.0012870565017804282,0.3200848417652872
674,3492,13,31754,31767,28262,28275,28262,IO_BOUND,0.8430151515151516,0.4542857142857143,0.0002788622420524261,0.3188073947311335
675,3497,14,31767,31781,28270,28284,28270,IO_BOUND,0.979095238095238,0.5433333333333333,0.00030031318374876655,0.3186145725372991
676,3499,98,31781,31879,28282,28380,28282,ML_TRAINING,0.6172546897546899,0.462020202020202,0.002102192286241366,0.31832533924654727
677,3505,77,31879,31956,28374,28451,28374,CPU_BOUND,0.9853333333333335,0.48256410256410254,0.0016517225106182161,0.3161078840174504
678,3511,20,31956,31976,28445,28465,28445,IO_BOUND,0.8782611832611833,0.5695238095238095,0.00042901883392680937,0.3143965870471691
679,3517,53,31976,32029,28459,28512,28459,MIXED,0.5169112692862694,0.5437037037037037,0.0011368999099060449,0.31405914820795877
680,3521,53,32029,32082,28508,28561,28508,MIXED,0.5754073531269273,0.6937037037037037,0.0011368999099060449,0.3128781122707224
681,3527,48,32082,32130,28555,28603,28555,ML_TRAINING,0.7951195818070818,0.6740816326530612,0.0010296452014243425,0.3117452818819446
682,3529,80,32130,32210,28601,28681,28601,CPU_BOUND,0.6300180375180374,0.6024691358024692,0.0017160753357072375,0.3106365542673962
683,3531,65,32210,32275,28679,28744,28679,CPU_BOUND,0.9844935897435897,0.543030303030303,0.0013943112102621305,0.3087565378775097
684,3538,13,32275,32288,28737,28750,28737,MIXED,0.6521149683649682,0.5842857142857143,0.0002788622420524261,0.3073585769722095
685,3547,54,32288,32342,28741,28795,28741,ML_TRAINING,0.8174746929315893,0.5836363636363636,0.0011583508516023854,0.3072621658752922
686,3556,40,32342,32382,28786,28826,28786,MIXED,0.8848367074102369,0.6048780487804878,0.0008580376678536187,0.3061775410349731
687,3557,55,32382,32437,28825,28880,28825,ML_TRAINING,0.7237208694083692,0.6435714285714285,0.0011798017932987258,0.30523753284002986
688,3565,64,32437,32501,28872,28936,28872,CPU_BOUND,0.9816666666666667,0.573076923076923,0.00137286026856579,0.3041047024512521
689,3571,12,32501,32513,28930,28942,28930,MIXED,0.47697113997114005,0.6153846153846154,0.00025741130035608563,0.3027067415459519
690,3580,120,32513,32633,28933,29053,28933,CPU_BOUND,0.9884545454545455,0.5716528925619835,0.0025741130035608563,0.302634433223264
691,3585,21,32633,32654,29048,29069,29048,IO_BOUND,1.0,0.5990909090909091,0.00045046977562314985,0.29986261418689286
692,3594,28,32654,32682,29060,29088,29060,IO_BOUND,0.9440432900432901,0.566896551724138,0.0006006263674975331,0.29957338089614116
693,3595,29,32682,32711,29087,29116,29087,IO_BOUND,0.8498888888888889,0.5966666666666667,0.0006220773091938736,0.29892260599194964
694,3600,52,32711,32763,29111,29163,29111,CPU_BOUND,0.6965508658008658,0.5437735849056604,0.0011154489682097045,0.29834413941044613
695,3605,93,32763,32856,29158,29251,29158,CPU_BOUND,0.9589761904761904,0.48212765957446807,0.0019949375777596635,0.29721130902166837
696,3612,45,32856,32901,29244,29289,29244,MIXED,0.8797619047619049,0.5743478260869566,0.0009652923763353212,0.2951384704379474
697,3619,20,32901,32921,29282,29302,29282,IO_BOUND,0.7521785714285717,0.5995238095238096,0.00042901883392680937,0.29422256501723343
698,3625,18,32921,32939,29296,29314,29296,IO_BOUND,0.5283629148629149,0.6605263157894736,0.00038611695053412845,0.2938851261780231
699,3629,47,32939,32986,29310,29357,29310,CPU_BOUND,0.6250689033189033,0.6041666666666667,0.0010081942597280021,0.29354768733881265
700,3630,25,32986,33011,29356,29381,29356,IO_BOUND,0.7544404761904763,0.4476923076923077,0.0005362735424085117,0.29243895972426426
701,3633,12,33011,33023,29378,29390,29378,IO_BOUND,0.9876666666666667,0.5753846153846154,0.00025741130035608563,0.2919086986912194
702,3642,53,33023,33076,29381,29434,29381,CPU_BOUND,0.8489642857142857,0.5737037037037037,0.0011368999099060449,0.2918363903685314
703,3645,24,33076,33100,29431,29455,29431,IO_BOUND,1.0,0.538,0.0005148226007121713,0.2906312516570657
704,3646,69,33100,33169,29454,29523,29454,CPU_BOUND,0.6968611111111109,0.6628571428571428,0.0014801149770474924,0.29007688784979146
705,3649,74,33169,33243,29520,29594,29520,CPU_BOUND,0.9015833333333333,0.5126666666666666,0.0015873696855291948,0.28848610475065684
706,3653,20,33243,33263,29590,29610,29590,ML_TRAINING,0.6403653568653569,0.6495238095238095,0.00042901883392680937,0.2867989105546048
707,3657,11,33263,33274,29606,29617,29606,IO_BOUND,1.0,0.5466666666666666,0.00023596035865974517,0.28641326616693585
708,3663,65,33274,33339,29611,29676,29611,ML_TRAINING,0.7864795482295485,0.553030303030303,0.0013943112102621305,0.2862927522957892
709,3664,36,33339,33375,29675,29711,29675,CPU_BOUND,0.8085515873015874,0.5454054054054054,0.0007722339010682569,0.2847501747451132
710,3666,43,33375,33418,29709,29752,29709,MIXED,0.8253706333107955,0.5745454545454545,0.0009223904929426402,0.28393068042131653
711,3672,47,33418,33465,29746,29793,29746,ML_TRAINING,0.7785419314984533,0.5241666666666667,0.0010081942597280021,0.28303887777483183
712,3677,34,33465,33499,29788,29822,29788,MIXED,0.6260304286356918,0.5157142857142857,0.0007293320176755759,0.2820265612572007
713,3681,16,33499,33515,29818,29834,29818,IO_BOUND,0.961313492063492,0.571764705882353,0.0003432150671414475,0.2813034780303213
714,3689,32,33515,33547,29826,29858,29826,IO_BOUND,0.9113531746031746,0.5060606060606061,0.000686430134282895,0.28111065583648676
715,3692,26,33547,33573,29855,29881,29855,IO_BOUND,0.9700912698412698,0.5374074074074074,0.0005577244841048522,0.2804116753838367
716,3694,37,33573,33610,29879,29916,29879,ML_TRAINING,0.7221033326016502,0.5252631578947369,0.0007936848427645974,0.2798332088023332
717,3703,44,33610,33654,29907,29951,29907,ML_TRAINING,0.6907258117699293,0.7344444444444445,0.0009438414346389807,0.2791583311239124
718,3707,81,33654,33735,29947,30028,29947,ML_TRAINING,0.7543611111111109,0.7024390243902439,0.001737526277403578,0.2781942201547398
719,3714,60,33735,33795,30021,30081,30021,CPU_BOUND,0.98425,0.5132786885245901,0.0012870565017804282,0.27641061486177054
720,3722,39,33795,33834,30073,30112,30073,MIXED,0.7057744604429385,0.605,0.0008365867261572784,0.27515727060184625
721,3728,57,33834,33891,30106,30163,30106,ML_TRAINING,0.6249801587301588,0.5834482758620689,0.0012227036766914068,0.27436187905227893
722,3730,79,33891,33970,30161,30240,30161,CPU_BOUND,0.9856666666666668,0.5725,0.001694624394010897,0.27303622646966663
723,3734,86,33970,34056,30236,30322,30236,CPU_BOUND,0.9721825396825398,0.45229885057471264,0.0018447809858852804,0.2712285184024681
724,3743,14,34056,34070,30313,30327,30313,MIXED,0.5984048729048728,0.5533333333333332,0.00030031318374876655,0.2693726047868109
725,3750,49,34070,34119,30320,30369,30320,MIXED,0.6391071428571429,0.6339999999999999,0.001051096143120683,0.26920388536720574
726,3753,59,34119,34178,30366,30425,30366,CPU_BOUND,0.6100303307803305,0.42333333333333334,0.0012656055600840878,0.26809515775265735
727,3760,66,34178,34244,30418,30484,30418,CPU_BOUND,0.9655555555555556,0.45298507462686566,0.001415762151958471,0.26684181349273306
728,3769,64,34244,34308,30475,30539,30475,ML_TRAINING,0.5673593073593073,0.583076923076923,0.00137286026856579,0.2654679553616621
729,3777,60,34308,34368,30531,30591,30531,CPU_BOUND,0.8794007936507937,0.4532786885245902,0.0012870565017804282,0.26411820000482056
730,3779,66,34368,34434,30589,30655,30589,CPU_BOUND,0.971186507936508,0.45298507462686566,0.001415762151958471,0.26272023909952036
731,3781,104,34434,34538,30653,30757,30653,CPU_BOUND,0.757373015873016,0.6019047619047619,0.002230897936419409,0.26117766154884425
732,3789,47,34538,34585,30749,30796,30749,ML_TRAINING,0.5896817083882301,0.5541666666666667,0.0010081942597280021,0.2588637952228301
733,3797,26,34585,34611,30788,30814,30788,MIXED,0.7703506493506489,0.6374074074074074,0.0005577244841048522,0.2579237870278869
734,3805,5,34611,34616,30806,30811,30806,IO_BOUND,0.9754642857142858,0.6233333333333333,0.00010725470848170234,0.25748993709175927
735,3813,3,34616,34619,30803,30806,30803,IO_BOUND,0.6260342712842712,0.5800000000000001,6.435282508902141e-05,0.25756224541444717
736,3817,81,34619,34700,30802,30883,30802,CPU_BOUND,0.7130238095238094,0.5124390243902439,0.001737526277403578,0.25758634818867654
737,3822,12,34700,34712,30878,30890,30878,IO_BOUND,0.9032420634920635,0.5453846153846154,0.00025741130035608563,0.2557545373472486
738,3830,51,34712,34763,30882,30933,30882,ML_TRAINING,0.45389583333333333,0.7038461538461538,0.0010939980265133639,0.25565812625033146
739,3837,9,34763,34772,30926,30935,30926,IO_BOUND,0.9873214285714286,0.6100000000000001,0.00019305847526706422,0.2545976041842416
740,3845,20,34772,34792,30927,30947,30927,IO_BOUND,0.9958333333333332,0.5995238095238096,0.00042901883392680937,0.25457350141001234
741,3849,16,34792,34808,30943,30959,30943,IO_BOUND,1.0,0.5417647058823529,0.0003432150671414475,0.25418785702234326
742,3856,18,34808,34826,30952,30970,30952,IO_BOUND,0.9219595959595958,0.5705263157894738,0.00038611695053412845,0.25397093205427945
743,3858,47,34826,34873,30968,31015,30968,MIXED,0.7117205399401141,0.5741666666666667,0.0010081942597280021,0.2535852876666105
744,3860,3,34873,34876,31013,31016,31013,IO_BOUND,0.7363373015873016,0.52,6.435282508902141e-05,0.25250066282629136
745,3864,68,34876,34944,31012,31080,31012,CPU_BOUND,0.963126984126984,0.5728985507246377,0.0014586640353511518,0.2525247656005206
746,3871,100,34944,35044,31073,31173,31073,ML_TRAINING,0.6513492063492063,0.731980198019802,0.002145094169634047,0.2510544963725325
747,3880,25,35044,35069,31164,31189,31164,IO_BOUND,0.9748095238095236,0.5376923076923077,0.0005362735424085117,0.2488611439176649
748,3888,68,35069,35137,31181,31249,31181,ML_TRAINING,0.4966397432976379,0.4628985507246377,0.0014586640353511518,0.24845139675576655
749,3896,80,35137,35217,31241,31321,31241,ML_TRAINING,0.8583080808080809,0.6124691358024692,0.0017160753357072375,0.24700523030200772
750,3897,38,35217,35255,31320,31358,31320,ML_TRAINING,0.49619701179827014,0.5551282051282052,0.0008151357844609379,0.245101111137892
751,3906,50,35255,35305,31349,31399,31349,CPU_BOUND,0.8914166666666665,0.513921568627451,0.0010725470848170235,0.24440213068524186
752,3915,39,35305,35344,31390,31429,31390,ML_TRAINING,0.5973431441746657,0.5549999999999999,0.0008365867261572784,0.24341391694184
753,3919,20,35344,35364,31425,31445,31425,ML_TRAINING,0.4830198412698413,0.5895238095238096,0.00042901883392680937,0.24257031984381405
754,3927,19,35364,35383,31437,31456,31437,IO_BOUND,0.9490992063492062,0.63,0.00040756789223046893,0.24228108655306224
755,3934,33,35383,35416,31449,31482,31449,CPU_BOUND,0.8672896825396822,0.5758823529411765,0.0007078810759792355,0.24199185326231054
756,3942,56,35416,35472,31474,31530,31474,CPU_BOUND,0.5241605339105341,0.5435087719298246,0.0012012527349950662,0.24138928390657766
757,3943,43,35472,35515,31529,31572,31529,MIXED,0.7209666999666999,0.5145454545454545,0.0009223904929426402,0.24006363132396535
758,3947,25,35515,35540,31568,31593,31568,IO_BOUND,0.9391507936507935,0.5676923076923077,0.0005362735424085117,0.23912362312902213
759,3950,39,35540,35579,31590,31629,31590,ML_TRAINING,0.7306387790953006,0.615,0.0008365867261572784,0.23859336209597726
760,3952,57,35579,35636,31627,31684,31627,ML_TRAINING,0.5998924279743243,0.613448275862069,0.0012227036766914068,0.23770155944949267
761,3960,56,35636,35692,31676,31732,31676,CPU_BOUND,0.432358225108225,0.5435087719298246,0.0012012527349950662,0.23652052351225628
762,3967,23,35692,35715,31725,31748,31725,IO_BOUND,0.9895,0.5383333333333333,0.0004933716590158308,0.23533948757501988
763,3974,59,35715,35774,31741,31800,31741,CPU_BOUND,0.9313452380952382,0.5433333333333333,0.0012656055600840878,0.2349538431873509
764,3983,27,35774,35801,31791,31818,31791,MIXED,0.7152684985174844,0.6371428571428571,0.0005791754258011927,0.23374870447588514
765,3990,71,35801,35872,31811,31882,31811,CPU_BOUND,0.9884047619047618,0.48277777777777775,0.0015230168604401734,0.2332666489912989
766,3999,57,35872,35929,31873,31930,31873,MIXED,0.5354348300048766,0.5434482758620689,0.0012227036766914068,0.23177227698908143
767,4006,78,35929,36007,31923,32001,31923,ML_TRAINING,0.8194668109668106,0.5825316455696203,0.0016731734523145567,0.23056713827761577
768,4012,51,36007,36058,31995,32046,31995,ML_TRAINING,0.6847935189810187,0.6738461538461538,0.0010939980265133639,0.22883173853310512
769,4018,17,36058,36075,32040,32057,32040,IO_BOUND,0.8475054112554113,0.4811111111111111,0.00036466600883778796,0.227747113692786
770,4019,56,36075,36131,32056,32112,32056,ML_TRAINING,0.5690000000000001,0.5235087719298246,0.0012012527349950662,0.22736146930511703
771,4028,49,36131,36180,32103,32152,32103,CPU_BOUND,0.6959563492063492,0.454,0.001051096143120683,0.22622863891633926
772,4032,61,36180,36241,32148,32209,32148,ML_TRAINING,0.5268937173937173,0.6732258064516129,0.0013085074434767685,0.22514401407602014
773,4039,29,36241,36270,32202,32231,32202,MIXED,0.3958713557684146,0.5766666666666667,0.0006220773091938736,0.2238424642676372
774,4047,12,36270,36282,32223,32235,32223,IO_BOUND,1.0,0.5453846153846154,0.00025741130035608563,0.2233363060088216
775,4048,42,36282,36324,32234,32276,32234,MIXED,0.6389603174603176,0.45465116279069767,0.0009009395512462997,0.22307117549229916
776,4051,57,36324,36381,32273,32330,32273,CPU_BOUND,0.9603571428571429,0.513448275862069,0.0012227036766914068,0.22213116729735594
777,4052,99,36381,36480,32329,32428,32329,CPU_BOUND,0.541952380952381,0.602,0.0021236432279377066,0.22078141194051437
778,4056,32,36480,36512,32424,32456,32424,MIXED,0.541952291598711,0.606060606060606,0.000686430134282895,0.2184916483887296
779,4061,27,36512,36539,32451,32478,32451,MIXED,0.6052224310776942,0.5471428571428572,0.0005791754258011927,0.21784087348453807
780,4067,50,36539,36589,32472,32522,32472,MIXED,0.7688690476190476,0.6039215686274509,0.0010725470848170235,0.21733471522572245
781,4073,54,36589,36643,32516,32570,32516,MIXED,0.5349904401154401,0.6036363636363635,0.0011583508516023854,0.2162741931596327
782,4075,26,36643,36669,32568,32594,32568,IO_BOUND,0.5572059884559885,0.4774074074074074,0.0005577244841048522,0.2150208488997084
783,4077,78,36669,36747,32592,32670,32592,CPU_BOUND,0.9901666666666666,0.5125316455696203,0.0016731734523145567,0.21444238231820478
784,4081,3,36747,36750,32666,32669,32666,IO_BOUND,0.8784365079365081,0.6699999999999999,6.435282508902141e-05,0.2126587770252356
785,4083,28,36750,36778,32667,32695,32667,CPU_BOUND,0.5744545454545456,0.4568965517241379,0.0006006263674975331,0.21263467425100624
786,4088,57,36778,36835,32690,32747,32690,MIXED,0.5026901154401154,0.513448275862069,0.0012227036766914068,0.2120803104437321
787,4092,31,36835,36866,32743,32774,32743,MIXED,0.7675987336418371,0.63625,0.0006649791925865546,0.21080286340957843
788,4096,4,36866,36870,32770,32774,32770,IO_BOUND,0.7994426406926407,0.75,8.580376678536188e-05,0.21015208850538702
789,4097,23,36870,36893,32773,32796,32773,IO_BOUND,0.7151706349206348,0.5983333333333334,0.0004933716590158308,0.21007978018269902
790,4101,10,36893,36903,32792,32802,32792,ML_TRAINING,0.676574827219564,0.5681818181818181,0.00021450941696340468,0.20962182747234204
791,4104,87,36903,36990,32799,32886,32799,CPU_BOUND,0.827015873015873,0.5122727272727272,0.0018662319275816208,0.20945310805273687
792,4105,15,36990,37005,32885,32900,32885,MIXED,0.4736388888888889,0.5225,0.00032176412544510704,0.2073802694690159
793,4109,3,37005,37008,32896,32899,32896,IO_BOUND,0.9947499999999999,0.55,6.435282508902141e-05,0.20711513895249345
794,4114,60,37008,37068,32894,32954,32894,MIXED,0.55351528127549,0.6032786885245902,0.0012870565017804282,0.20716334450095208
795,4115,90,37068,37158,32953,33043,32953,CPU_BOUND,0.9933333333333333,0.5421978021978022,0.0019305847526706423,0.2057412808214225
796,4117,81,37158,37239,33041,33122,33041,ML_TRAINING,0.805200904358799,0.5224390243902439,0.001737526277403578,0.2036202366892429
797,4126,31,37239,37270,33113,33144,33113,ML_TRAINING,0.6729335121400339,0.64625,0.0006649791925865546,0.20188483694473236
798,4127,51,37270,37321,33143,33194,33143,MIXED,0.7527943722943722,0.6038461538461538,0.0010939980265133639,0.20116175371785294
799,4136,19,37321,37340,33185,33204,33185,MIXED,0.5584262959262959,0.7,0.00040756789223046893,0.2001494372002217
800,4141,90,37340,37430,33199,33289,33199,ML_TRAINING,0.795604750512645,0.5521978021978022,0.0019305847526706423,0.19981199836101138
801,4145,22,37430,37452,33285,33307,33285,IO_BOUND,0.7944238816738818,0.538695652173913,0.00047192071731949034,0.1977391597772904
802,4147,95,37452,37547,33305,33400,33305,CPU_BOUND,0.7905753968253968,0.42208333333333337,0.0020378394611523447,0.19725710429270404
803,4151,30,37547,37577,33396,33426,33396,MIXED,0.6356100288600289,0.4564516129032258,0.0006435282508902141,0.19506375183783653
804,4155,25,37577,37602,33422,33447,33422,MIXED,0.4443452380952379,0.5476923076923077,0.0005362735424085117,0.19443707970787438
805,4162,11,37602,37613,33440,33451,33440,IO_BOUND,1.0,0.5466666666666666,0.00023596035865974517,0.19400322977174678
806,4165,37,37613,37650,33448,33485,33448,MIXED,0.6619193722943723,0.6652631578947368,0.0007936848427645974,0.19381040757791224
807,4167,31,37650,37681,33483,33514,33483,ML_TRAINING,0.6560426109837875,0.73625,0.0006649791925865546,0.19296681047988629
808,4173,10,37681,37691,33508,33518,33508,ML_TRAINING,0.6037252601199967,0.5681818181818181,0.00021450941696340468,0.1923642411241534
809,4174,24,37691,37715,33517,33541,33517,IO_BOUND,0.9882857142857142,0.538,0.0005148226007121713,0.1921473161560896
810,4179,46,37715,37761,33536,33582,33536,CPU_BOUND,0.3932395382395382,0.5742553191489361,0.0009867433180316615,0.19168936344573262
811,4181,48,37761,37809,33580,33628,33580,CPU_BOUND,0.5922157287157285,0.6040816326530611,0.0010296452014243425,0.19062884137964275
812,4190,23,37809,37832,33619,33642,33619,ML_TRAINING,0.5973373015873015,0.6183333333333334,0.0004933716590158308,0.18968883318469953
813,4199,70,37832,37902,33633,33703,33633,CPU_BOUND,0.8268477633477633,0.5428169014084507,0.0015015659187438328,0.1893513943454892
814,4205,40,37902,37942,33697,33737,33697,CPU_BOUND,0.5056468253968252,0.5448780487804878,0.0008580376678536187,0.1878088167948131
815,4211,39,37942,37981,33731,33770,33731,ML_TRAINING,0.5122752664002664,0.5549999999999999,0.0008365867261572784,0.1869893224710164
816,4217,3,37981,37984,33764,33767,33764,IO_BOUND,0.8890119047619048,0.7,6.435282508902141e-05,0.1861939309214491
817,4221,40,37984,38024,33763,33803,33763,MIXED,0.5148145743145742,0.4848780487804878,0.0008580376678536187,0.18621803369567835
818,4227,25,38024,38049,33797,33822,33797,IO_BOUND,0.9502777777777777,0.6576923076923077,0.0005362735424085117,0.18539853937188167
819,4232,68,38049,38117,33817,33885,33817,CPU_BOUND,0.9833333333333334,0.5728985507246377,0.0014586640353511518,0.18491648388729542
820,4238,38,38117,38155,33879,33917,33879,IO_BOUND,0.8081179653679655,0.6551282051282051,0.0008151357844609379,0.18342211188507795
821,4247,23,38155,38178,33908,33931,33908,ML_TRAINING,0.6331600621600625,0.5883333333333334,0.0004933716590158308,0.1827231314324279
822,4250,103,38178,38281,33928,34031,33928,CPU_BOUND,0.9693333333333334,0.5119230769230769,0.002209446994723068,0.18224107594784156
823,4252,3,38281,38284,34029,34032,34029,IO_BOUND,0.9975,0.5800000000000001,6.435282508902141e-05,0.17980669575068087
824,4253,19,38284,38303,34031,34050,34031,IO_BOUND,0.9895,0.54,0.00040756789223046893,0.17975849020222223
825,4255,50,38303,38353,34048,34098,34048,MIXED,0.8458453441982853,0.6039215686274509,0.0010725470848170235,0.1793487430403239
826,4260,74,38353,38427,34093,34167,34093,CPU_BOUND,0.4082637085137084,0.5426666666666666,0.0015873696855291948,0.17826411820000487
827,4262,10,38427,38437,34165,34175,34165,IO_BOUND,0.9868095238095238,0.5481818181818182,0.00021450941696340468,0.17652871845549423
828,4266,38,38437,38475,34171,34209,34171,IO_BOUND,0.8615624098124098,0.5951282051282052,0.0008151357844609379,0.17638410181011832
829,4275,26,38475,38501,34200,34226,34200,MIXED,0.6555109890109889,0.5174074074074073,0.0005577244841048522,0.17568512135746828
830,4284,31,38501,38532,34217,34248,34217,IO_BOUND,0.55851443001443,0.44625000000000004,0.0006649791925865546,0.17527537419556993
831,4290,50,38532,38582,34242,34292,34242,CPU_BOUND,0.7672777777777778,0.513921568627451,0.0010725470848170235,0.17467280483983705
832,4291,24,38582,38606,34291,34315,34291,IO_BOUND,0.9367020202020201,0.478,0.0005148226007121713,0.17349176890260065
833,4294,44,38606,38650,34312,34356,34312,CPU_BOUND,0.7992233044733047,0.5144444444444445,0.0009438414346389807,0.17298561064378515
834,4298,71,38650,38721,34352,34423,34352,CPU_BOUND,0.9906666666666668,0.5427777777777778,0.0015230168604401734,0.17202149967461255
835,4302,7,38721,38728,34419,34426,34419,IO_BOUND,0.9133726551226551,0.7050000000000001,0.00015015659187438328,0.17040661380124855
836,4304,34,38728,38762,34424,34458,34424,IO_BOUND,0.5792409812409813,0.7157142857142857,0.0007293320176755759,0.1702860999301019
837,4313,87,38762,38849,34449,34536,34449,ML_TRAINING,0.5244513888888886,0.6422727272727273,0.0018662319275816208,0.16968353057436913
838,4320,18,38849,38867,34529,34547,34529,IO_BOUND,0.9704761904761905,0.6305263157894736,0.00038611695053412845,0.16775530863602406
839,4321,24,38867,38891,34546,34570,34546,CPU_BOUND,0.3890180375180376,0.428,0.0005148226007121713,0.16734556147412571
840,4329,31,38891,38922,34562,34593,34562,MIXED,0.5150021645021645,0.51625,0.0006649791925865546,0.16695991708645663
841,4336,52,38922,38974,34586,34638,34586,CPU_BOUND,0.7744563492063492,0.6637735849056604,0.0011154489682097045,0.16638145050495312
842,4337,64,38974,39038,34637,34701,34637,MIXED,0.5268681932102983,0.48307692307692307,0.00137286026856579,0.1651522090192581
843,4339,86,39038,39124,34699,34785,34699,CPU_BOUND,0.772734126984127,0.48229885057471267,0.0018447809858852804,0.16365783701704062
844,4344,64,39124,39188,34780,34844,34780,ML_TRAINING,0.499626274064595,0.6130769230769231,0.00137286026856579,0.16170551230446628
845,4348,62,39188,39250,34840,34902,34840,CPU_BOUND,0.6852168109668112,0.5131746031746032,0.0013299583851731091,0.16025934585070745
846,4353,16,39250,39266,34897,34913,34897,IO_BOUND,0.9620198412698412,0.6917647058823531,0.0003432150671414475,0.1588854877196365
847,4361,83,39266,39349,34905,34988,34905,CPU_BOUND,0.9934999999999999,0.5423809523809524,0.001780428160796259,0.15869266552580197
848,4363,48,39349,39397,34986,35034,34986,ML_TRAINING,0.7336800976800979,0.5540816326530612,0.0010296452014243425,0.15674034081322763
849,4370,24,39397,39421,35027,35051,35027,IO_BOUND,0.461729797979798,0.5680000000000001,0.0005148226007121713,0.15575212706982577
850,4378,34,39421,39455,35043,35077,35043,MIXED,0.49832785222659387,0.5457142857142857,0.0007293320176755759,0.1553664826821567
851,4381,59,39455,39514,35074,35133,35074,CPU_BOUND,0.8031904761904761,0.42333333333333334,0.0012656055600840878,0.154619296681048
852,4386,36,39514,39550,35128,35164,35128,MIXED,0.7445977258036082,0.6354054054054055,0.0007722339010682569,0.15331774687266508
853,4389,61,39550,39611,35161,35222,35161,CPU_BOUND,0.8341984126984127,0.4832258064516129,0.0013085074434767685,0.15252235532309766
854,4392,38,39611,39649,35219,35257,35219,MIXED,0.4602909451659452,0.5151282051282051,0.0008151357844609379,0.15112439441779746
855,4400,24,39649,39673,35249,35273,35249,CPU_BOUND,0.5970378787878788,0.428,0.0005148226007121713,0.15040131119091804
856,4403,31,39673,39704,35270,35301,35270,CPU_BOUND,0.5037572150072152,0.54625,0.0006649791925865546,0.14989515293210254
857,4406,70,39704,39774,35298,35368,35298,CPU_BOUND,0.9783928571428571,0.5128169014084507,0.0015015659187438328,0.14922027525368164
858,4411,23,39774,39797,35363,35386,35363,IO_BOUND,1.0,0.5083333333333333,0.0004933716590158308,0.14765359492877628
859,4412,32,39797,39829,35385,35417,35385,CPU_BOUND,0.4575952380952381,0.45606060606060606,0.000686430134282895,0.1471233338957314
860,4420,61,39829,39890,35409,35470,35409,CPU_BOUND,0.9307738095238094,0.5432258064516129,0.0013085074434767685,0.1465448673142279
861,4426,69,39890,39959,35464,35533,35464,ML_TRAINING,0.7411940836940838,0.6428571428571428,0.0014801149770474924,0.1452192147316156
862,4427,3,39959,39962,35532,35535,35532,IO_BOUND,0.8125357142857144,0.6399999999999999,6.435282508902141e-05,0.14358022608402232
863,4436,27,39962,39989,35526,35553,35526,IO_BOUND,0.9718095238095237,0.5671428571428572,0.0005791754258011927,0.14372484272939812
864,4441,7,39989,39996,35548,35555,35548,IO_BOUND,0.9858928571428572,0.585,0.00015015659187438328,0.14319458169635324
865,4449,11,39996,40007,35547,35558,35547,IO_BOUND,0.7912222222222222,0.5466666666666666,0.00023596035865974517,0.1432186844705826
866,4450,65,40007,40072,35557,35622,35557,MIXED,0.520008103008103,0.543030303030303,0.0013943112102621305,0.14297765672828944
867,4455,68,40072,40140,35617,35685,35617,CPU_BOUND,0.992,0.5428985507246377,0.0014586640353511518,0.1415314902745306
868,4464,83,40140,40223,35676,35759,35676,ML_TRAINING,0.46951984126984114,0.5823809523809524,0.001780428160796259,0.14010942659500103
869,4465,62,40223,40285,35758,35820,35758,ML_TRAINING,0.8319080710955711,0.6431746031746031,0.0013299583851731091,0.13813299910819732
870,4468,95,40285,40380,35817,35912,35817,ML_TRAINING,0.6535952380952383,0.4920833333333333,0.0020378394611523447,0.13671093542866786
871,4476,3,40380,40383,35904,35907,35904,IO_BOUND,0.8488015873015872,0.6100000000000001,6.435282508902141e-05,0.1346139940707175
872,4485,61,40383,40444,35898,35959,35898,CPU_BOUND,0.8555032467532467,0.4532258064516129,0.0013085074434767685,0.1347586107160934
873,4486,24,40444,40468,35958,35982,35958,MIXED,0.5466825396825397,0.608,0.0005148226007121713,0.13331244426233457
874,4492,17,40468,40485,35976,35993,35976,IO_BOUND,0.9554285714285714,0.5411111111111111,0.00036466600883778796,0.13287859432620697
875,4495,54,40485,40539,35990,36044,35990,CPU_BOUND,0.9252539682539681,0.4536363636363636,0.0011583508516023854,0.13254115548699652
876,4504,71,40539,40610,36035,36106,36035,CPU_BOUND,0.9480277777777778,0.6027777777777777,0.0015230168604401734,0.1314565306466774
877,4505,9,40610,40619,36105,36114,36105,IO_BOUND,0.48292784992784976,0.6100000000000001,0.00019305847526706422,0.1297693364506255
878,4510,46,40619,40665,36109,36155,36109,MIXED,0.5739967532467531,0.5142553191489362,0.0009867433180316615,0.12967292535370822
879,4517,71,40665,40736,36148,36219,36148,CPU_BOUND,0.9388650793650796,0.5427777777777778,0.0015230168604401734,0.128732917158765
880,4523,86,40736,40822,36213,36299,36213,CPU_BOUND,0.9985714285714287,0.5422988505747126,0.0018447809858852804,0.12716623683385953
881,4525,30,40822,40852,36297,36327,36297,CPU_BOUND,0.47932539682539677,0.4864516129032258,0.0006435282508902141,0.12514160379859718
882,4529,33,40852,40885,36323,36356,36323,MIXED,0.5668443362193362,0.6958823529411764,0.0007078810759792355,0.12451493166863503
883,4535,65,40885,40950,36350,36415,36350,CPU_BOUND,0.8351150793650794,0.5130303030303031,0.0013943112102621305,0.12386415676444362
884,4540,34,40950,40984,36410,36444,36410,CPU_BOUND,0.7170198412698413,0.6657142857142857,0.0007293320176755759,0.12241799031068479
885,4546,114,40984,41098,36438,36552,36438,ML_TRAINING,0.6225932678432681,0.5517391304347825,0.0024454073533828136,0.121743112632264
886,4553,61,41098,41159,36545,36606,36545,CPU_BOUND,0.7997175324675325,0.5132258064516129,0.0013085074434767685,0.11916411578972741
887,4558,59,41159,41218,36601,36660,36601,MIXED,0.6401432653603706,0.6033333333333333,0.0012656055600840878,0.11781436043288585
888,4563,48,41218,41266,36655,36703,36655,CPU_BOUND,0.6787604617604618,0.45408163265306123,0.0010296452014243425,0.11651281062450292
889,4564,71,41266,41337,36702,36773,36702,CPU_BOUND,0.991,0.6327777777777778,0.0015230168604401734,0.11537998023572515
890,4565,60,41337,41397,36772,36832,36772,CPU_BOUND,0.8683809523809524,0.48327868852459016,0.0012870565017804282,0.11369278603967314
891,4569,75,41397,41472,36828,36903,36828,ML_TRAINING,0.6110821946371481,0.6126315789473684,0.0016088206272255351,0.11234303068283158
892,4574,48,41472,41520,36898,36946,36898,ML_TRAINING,0.8746562950937949,0.7040816326530612,0.0010296452014243425,0.11065583648677968
893,4581,23,41520,41543,36939,36962,36939,IO_BOUND,0.4651428571428572,0.44833333333333336,0.0004933716590158308,0.10966762274337771
894,4590,14,41543,41557,36953,36967,36953,IO_BOUND,1.0,0.6033333333333333,0.00030031318374876655,0.10933018390416738
895,4597,64,41557,41621,36960,37024,36960,MIXED,0.6340281385281386,0.7230769230769231,0.00137286026856579,0.10916146448456221
896,4606,64,41621,41685,37015,37079,37015,CPU_BOUND,0.987,0.5130769230769231,0.00137286026856579,0.10783581190194991
897,4609,3,41685,41688,37076,37079,37076,IO_BOUND,0.985,0.6100000000000001,6.435282508902141e-05,0.10636554267396181
898,4616,66,41688,41754,37072,37138,37072,ML_TRAINING,0.7494068928147877,0.46298507462686567,0.001415762151958471,0.10646195377087908
899,4618,73,41754,41827,37136,37209,37136,CPU_BOUND,0.9268326118326117,0.5427027027027027,0.0015659187438328542,0.10491937622020298
900,4622,74,41827,41901,37205,37279,37205,CPU_BOUND,0.9740277777777777,0.5726666666666667,0.0015873696855291948,0.10325628479838034
901,4628,67,41901,41968,37273,37340,37273,CPU_BOUND,0.9948888888888888,0.5729411764705883,0.0014372130936548115,0.10161729615078696
902,4635,64,41968,42032,37333,37397,37333,CPU_BOUND,0.6954350649350651,0.573076923076923,0.00137286026856579,0.10017112969702813
903,4644,62,42032,42094,37388,37450,37388,CPU_BOUND,0.9085865800865802,0.48317460317460315,0.0013299583851731091,0.09884547711441583
904,4647,70,42094,42164,37447,37517,37447,ML_TRAINING,0.4854897671772671,0.6728169014084506,0.0015015659187438328,0.09742341343488636
905,4652,15,42164,42179,37512,37527,37512,IO_BOUND,0.8308881673881673,0.6325000000000001,0.00032176412544510704,0.095856733109981
906,4656,70,42179,42249,37523,37593,37523,ML_TRAINING,0.6730046839125784,0.5528169014084507,0.0015015659187438328,0.09559160259345856
907,4659,59,42249,42308,37590,37649,37590,ML_TRAINING,0.7149021108320645,0.6133333333333333,0.0012656055600840878,0.09397671672009444
908,4662,26,42308,42334,37646,37672,37646,IO_BOUND,0.4626049783549783,0.6574074074074074,0.0005577244841048522,0.09262696136325288
909,4667,40,42334,42374,37667,37707,37667,CPU_BOUND,0.7712301587301588,0.5748780487804879,0.0008580376678536187,0.09212080310443727
910,4670,25,42374,42399,37704,37729,37704,IO_BOUND,0.5230198412698411,0.4776923076923077,0.0005362735424085117,0.09122900045795268
911,4678,33,42399,42432,37721,37754,37721,MIXED,0.4910637279387279,0.5758823529411765,0.0007078810759792355,0.09081925329605434
912,4679,73,42432,42505,37753,37826,37753,CPU_BOUND,0.9542777777777777,0.5727027027027027,0.0015659187438328542,0.09004796452071628
913,4683,28,42505,42533,37822,37850,37822,MIXED,0.5410919913419915,0.5768965517241379,0.0006006263674975331,0.08838487309889365
914,4691,36,42533,42569,37842,37878,37842,IO_BOUND,0.7418621933621933,0.7154054054054053,0.0007722339010682569,0.0879028176143074
915,4700,53,42569,42622,37869,37922,37869,MIXED,0.7841394830659536,0.6037037037037036,0.0011368999099060449,0.08725204271011588
916,4701,5,42622,42627,37921,37926,37921,IO_BOUND,0.995,0.6233333333333333,0.00010725470848170234,0.08599869845019159
917,4706,3,42627,42630,37921,37924,37921,IO_BOUND,0.9415595238095237,0.6699999999999999,6.435282508902141e-05,0.08599869845019159
918,4711,51,42630,42681,37919,37970,37919,ML_TRAINING,0.7240398767898766,0.5238461538461539,0.0010939980265133639,0.08604690399865023
919,4719,52,42681,42733,37962,38014,37962,ML_TRAINING,0.7866585775335774,0.7337735849056604,0.0011154489682097045,0.08501048470678974
920,4721,60,42733,42793,38012,38072,38012,CPU_BOUND,0.9311666666666667,0.5132786885245901,0.0012870565017804282,0.08380534599532408
921,4727,59,42793,42852,38066,38125,38066,ML_TRAINING,0.6691374458874461,0.5233333333333333,0.0012656055600840878,0.08250379618694115
922,4732,19,42852,42871,38120,38139,38120,IO_BOUND,0.9174891774891775,0.6000000000000001,0.00040756789223046893,0.08120224637855822
923,4736,63,42871,42934,38135,38198,38135,ML_TRAINING,0.6590008394383393,0.643125,0.0013514093268694495,0.08084070476511851
924,4741,66,42934,43000,38193,38259,38193,ML_TRAINING,0.7888838383838386,0.4929850746268657,0.001415762151958471,0.07944274385981831
925,4743,15,43000,43015,38257,38272,38257,IO_BOUND,1.0,0.5725,0.00032176412544510704,0.0779001663091422
926,4744,70,43015,43085,38271,38341,38271,CPU_BOUND,0.5259671717171717,0.5428169014084507,0.0015015659187438328,0.07756272746993176
927,4751,51,43085,43136,38334,38385,38334,CPU_BOUND,0.7528571428571431,0.6638461538461539,0.0010939980265133639,0.07604425269348503
928,4754,53,43136,43189,38382,38435,38382,MIXED,0.5510925324675324,0.5137037037037037,0.0011368999099060449,0.074887319530478
929,4758,62,43189,43251,38431,38493,38431,MIXED,0.5693721001221002,0.5431746031746032,0.0013299583851731091,0.0737062835932416
930,4764,84,43251,43335,38487,38571,38487,CPU_BOUND,0.9488888888888889,0.5123529411764706,0.0018018791024925994,0.07235652823640004
931,4770,53,43335,43388,38565,38618,38565,CPU_BOUND,0.9583214285714284,0.5737037037037037,0.0011368999099060449,0.07047651184651349
932,4773,34,43388,43422,38615,38649,38615,ML_TRAINING,0.606107203730521,0.5257142857142857,0.0007293320176755759,0.06927137313504783
933,4780,86,43422,43508,38642,38728,38642,ML_TRAINING,0.6044960317460316,0.5822988505747126,0.0018447809858852804,0.06862059823085642
934,4783,28,43508,43536,38725,38753,38725,IO_BOUND,0.7859761904761904,0.596896551724138,0.0006006263674975331,0.06662006796982334
935,4791,54,43536,43590,38745,38799,38745,CPU_BOUND,0.9584999999999999,0.6936363636363636,0.0011583508516023854,0.0661380124852371
936,4797,79,43590,43669,38793,38872,38793,CPU_BOUND,0.9966666666666666,0.5425,0.001694624394010897,0.06498107932222996
937,4805,77,43669,43746,38864,38941,38864,CPU_BOUND,0.998,0.5725641025641026,0.0016517225106182161,0.06326978235194869
938,4812,78,43746,43824,38934,39012,38934,ML_TRAINING,0.572394660894661,0.49253164556962026,0.0016731734523145567,0.06158258815589679
939,4815,65,43824,43889,39009,39074,39009,CPU_BOUND,0.7583571428571427,0.42303030303030303,0.0013943112102621305,0.059774880088698246
940,4821,41,43889,43930,39068,39109,39068,MIXED,0.6361666666666667,0.5447619047619048,0.0008794886095499592,0.05835281640916867
941,4822,99,43930,44029,39108,39207,39108,CPU_BOUND,0.9673333333333332,0.602,0.0021236432279377066,0.05738870543999619
942,4825,52,44029,44081,39204,39256,39204,MIXED,0.646594155844156,0.7237735849056603,0.0011154489682097045,0.05507483911398203
943,4834,45,44081,44126,39247,39292,39247,MIXED,0.5593401875901877,0.4843478260869565,0.0009652923763353212,0.05403841982212154
944,4841,22,44126,44148,39285,39307,39285,ML_TRAINING,0.6067900432900433,0.49869565217391304,0.00047192071731949034,0.05312251440140758
945,4845,40,44148,44188,39303,39343,39303,CPU_BOUND,0.7989047619047619,0.4848780487804878,0.0008580376678536187,0.05268866446527998
946,4854,92,44188,44280,39334,39426,39334,CPU_BOUND,0.9392499999999998,0.4821505376344086,0.001973486636063323,0.05194147846417119
947,4857,41,44280,44321,39423,39464,39423,CPU_BOUND,0.6710209235209235,0.5447619047619048,0.0008794886095499592,0.04979633155776231
948,4864,32,44321,44353,39457,39489,39457,MIXED,0.477950160950161,0.636060606060606,0.000686430134282895,0.04897683723396562
949,4866,28,44353,44381,39487,39515,39487,ML_TRAINING,0.43717460317460316,0.7368965517241379,0.0006006263674975331,0.0482537540070862
950,4870,55,44381,44436,39511,39566,39511,MIXED,0.6464265873015873,0.5435714285714286,0.0011798017932987258,0.04767528742558269
951,4871,99,44436,44535,39565,39664,39565,MIXED,0.621282355575459,0.602,0.0021236432279377066,0.04637373761719976
952,4876,41,44535,44576,39659,39700,39659,MIXED,0.7383599178599178,0.5747619047619048,0.0008794886095499592,0.04410807683964424
953,4880,62,44576,44638,39696,39758,39696,CPU_BOUND,0.5040238095238095,0.4231746031746032,0.0013299583851731091,0.043216274193159654
954,4883,36,44638,44674,39755,39791,39755,ML_TRAINING,0.4558530219780219,0.5554054054054054,0.0007722339010682569,0.04179421051363008
955,4890,30,44674,44704,39784,39814,39784,MIXED,0.5264821428571428,0.6664516129032259,0.0006435282508902141,0.04109523006098004
956,4897,23,44704,44727,39807,39830,39807,IO_BOUND,1.0,0.5083333333333333,0.0004933716590158308,0.04054086625370579
957,4903,24,44727,44751,39824,39848,39824,IO_BOUND,0.9886428571428572,0.5980000000000001,0.0005148226007121713,0.04013111909180744
958,4908,57,44751,44808,39843,39900,39843,CPU_BOUND,0.962642857142857,0.48344827586206895,0.0012227036766914068,0.039673166381450464
959,4914,100,44808,44908,39894,39994,39894,CPU_BOUND,1.0,0.451980198019802,0.002145094169634047,0.038443924895755544
960,4917,70,44908,44978,39991,40061,39991,MIXED,0.5860068403818404,0.6028169014084507,0.0015015659187438328,0.03610595579551201
961,4924,58,44978,45036,40054,40112,40054,CPU_BOUND,0.960047619047619,0.5133898305084745,0.0012441546183877472,0.03458748101906528
962,4927,45,45036,45081,40109,40154,40109,MIXED,0.7387650393085176,0.6343478260869565,0.0009652923763353212,0.03326182843645309
963,4928,67,45081,45148,40153,40220,40153,CPU_BOUND,0.9013095238095238,0.5129411764705882,0.0014372130936548115,0.032201306370363225
964,4936,11,45148,45159,40212,40223,40212,IO_BOUND,0.9884761904761905,0.5466666666666666,0.00023596035865974517,0.030779242690833764
965,4942,9,45159,45168,40217,40226,40217,IO_BOUND,0.9924166666666667,0.6699999999999999,0.00019305847526706422,0.03065872881968712
966,4944,38,45168,45206,40224,40262,40224,IO_BOUND,0.8209473304473304,0.5651282051282052,0.0008151357844609379,0.030490009400081952
967,4948,26,45206,45232,40258,40284,40258,MIXED,0.7064126984126985,0.6074074074074074,0.0005577244841048522,0.029670515076285264
968,4950,11,45232,45243,40282,40293,40282,IO_BOUND,0.8389484126984128,0.6066666666666667,0.00023596035865974517,0.029092048494781753
969,4956,11,45243,45254,40287,40298,40287,MIXED,0.5148531746031746,0.5266666666666666,0.00023596035865974517,0.02897153462363522
970,4963,24,45254,45278,40291,40315,40291,IO_BOUND,0.96304329004329,0.538,0.0005148226007121713,0.02887512352671795
971,4965,33,45278,45311,40313,40346,40313,MIXED,0.7423455399401141,0.6658823529411764,0.0007078810759792355,0.028344862493673073
972,4974,26,45311,45337,40337,40363,40337,ML_TRAINING,0.5974307768255137,0.5574074074074074,0.0005577244841048522,0.02776639591216945
973,4980,46,45337,45383,40357,40403,40357,MIXED,0.7090362415362417,0.5742553191489361,0.0009867433180316615,0.02728434042758321
974,4981,62,45383,45445,40402,40464,40402,CPU_BOUND,0.9351738816738815,0.6331746031746032,0.0013299583851731091,0.026199715587264083
975,4988,40,45445,45485,40457,40497,40457,CPU_BOUND,0.5123293650793649,0.6948780487804878,0.0008580376678536187,0.02487406300465178
976,4990,37,45485,45522,40495,40532,40495,CPU_BOUND,0.8140198412698412,0.5152631578947369,0.0007936848427645974,0.023958157583937933
977,4999,56,45522,45578,40523,40579,40523,MIXED,0.4474155844155844,0.45350877192982453,0.0012012527349950662,0.02328327990551715
978,5000,62,45578,45640,40578,40640,40578,CPU_BOUND,0.952681818181818,0.6031746031746031,0.0013299583851731091,0.02195762732290485
979,5003,16,45640,45656,40637,40653,40637,IO_BOUND,0.996,0.631764705882353,0.0003432150671414475,0.020535563643375387
980,5007,45,45656,45701,40649,40694,40649,MIXED,0.5311580086580087,0.5443478260869565,0.0009652923763353212,0.020246330352623576
981,5016,5,45701,45706,40685,40690,40685,IO_BOUND,0.826047619047619,0.5933333333333333,0.00010725470848170234,0.019378630480368253
982,5022,90,45706,45796,40684,40774,40684,CPU_BOUND,0.6691767676767677,0.6021978021978022,0.0019305847526706423,0.019402733254597626
983,5028,31,45796,45827,40768,40799,40768,CPU_BOUND,0.46349603174603177,0.45625,0.0006649791925865546,0.01737810021933528
984,5037,81,45827,45908,40790,40871,40790,CPU_BOUND,0.898351370851371,0.6324390243902439,0.001737526277403578,0.016847839186290292
985,5042,73,45908,45981,40866,40939,40866,ML_TRAINING,0.7449976134976136,0.6727027027027026,0.0015659187438328542,0.015016028344862486
986,5045,27,45981,46008,40936,40963,40936,IO_BOUND,0.9161587301587302,0.5971428571428572,0.0005791754258011927,0.013328834148810476
987,5053,32,46008,46040,40955,40987,40955,MIXED,0.7864920634920634,0.576060606060606,0.000686430134282895,0.012870881438453607
988,5061,17,46040,46057,40979,40996,40979,IO_BOUND,0.7765753968253967,0.6911111111111112,0.00036466600883778796,0.012292414856949985
989,5064,61,46057,46118,40993,41054,40993,CPU_BOUND,0.878857142857143,0.5132258064516129,0.0013085074434767685,0.011954976017739649
990,5067,52,46118,46170,41051,41103,41051,ML_TRAINING,0.6353127705627706,0.5237735849056604,0.0011154489682097045,0.01055701511243945
991,5074,25,46170,46195,41096,41121,41096,ML_TRAINING,0.4940989974937343,0.5276923076923077,0.0005362735424085117,0.01
992,5081,34,46195,46229,41114,41148,41114,MIXED,0.6957604617604618,0.5157142857142857,0.0007293320176755759,0.01
993,5083,55,46229,46284,41146,41201,41146,CPU_BOUND,0.956206349206349,0.5735714285714286,0.0011798017932987258,0.01
994,5089,10,46284,46294,41195,41205,41195,MIXED,0.49443290043290034,0.6781818181818182,0.00021450941696340468,0.01
995,5090,16,46294,46310,41204,41220,41204,IO_BOUND,0.9957142857142857,0.45176470588235296,0.0003432150671414475,0.01
996,5094,82,46310,46392,41216,41298,41216,CPU_BOUND,0.9931428571428572,0.5124096385542168,0.0017589772190999184,0.01
997,5095,62,46392,46454,41297,41359,41297,CPU_BOUND,0.7410945165945164,0.48317460317460315,0.0013299583851731091,0.01
998,5100,59,46454,46513,41354,41413,41354,CPU_BOUND,0.9155317460317461,0.5733333333333333,0.0012656055600840878,0.01
999,5101,82,46513,46595,41412,41494,41412,ML_TRAINING,0.7543066378066376,0.5224096385542168,0.0017589772190999184,0.01
1000,5106,31,46595,46626,41489,41520,41489,IO_BOUND,0.7810873015873016,0.68625,0.0006649791925865546,0.01
